CartLineID,Customers_T_CustomerID,Products_T_ProductID,Quantity
3,100,135676,196
2,187,424825,139
2,22333,9396,63
3,28811,423820,15
4,1179,338600,279
5,24582,405438,7
4,11935,309394,184
2,4460,134753,200
5,36862,387672,108
4,32504,303326,215
1,10924,348643,15
4,15553,389955,136
3,36971,379160,51
3,33604,412435,221
5,32835,476372,173
4,23751,364735,279
4,23541,57790,147
4,4306,280447,201
5,47706,312799,117
5,10081,105929,135
4,44018,196890,44
2,11211,451881,124
5,28444,198014,180
1,43969,4942,245
1,9513,388672,117
1,22562,209570,244
4,41822,444790,19
2,45240,368764,44
1,851,47281,203
5,557,494598,13
4,46322,195147,92
3,23579,234979,91
4,24522,397235,43
5,19566,107593,29
5,26108,398491,291
2,30679,349539,148
3,41267,117419,128
3,4394,20024,29
4,18095,400564,131
1,13963,100593,259
5,20794,158880,87
5,23561,457739,75
3,34043,418911,140
3,9953,84345,113
5,8106,235150,9
2,23815,55328,147
5,38488,458007,125
1,15483,366973,109
1,9564,230028,80
4,27910,298446,68
4,43866,186854,153
2,2087,53426,197
1,3828,205683,37
3,20681,54931,75
5,23596,433914,33
5,19648,192729,168
5,2579,43459,116
2,45087,268043,245
5,44416,198630,164
4,46580,410060,67
3,45087,50894,131
2,37645,38935,216
2,43564,21891,159
1,9652,75032,229
5,45833,354692,181
2,19032,30870,175
5,22622,248115,271
5,3159,260159,276
5,10828,59414,21
5,48628,360446,135
4,44199,364051,119
1,48146,378367,32
2,6024,461557,89
1,2670,309427,9
4,49604,197475,104
2,27231,312493,23
2,13692,320598,147
3,39285,158261,51
4,28776,316800,223
4,4179,109642,181
2,31963,131934,67
3,21403,142006,3
1,29701,2966,197
4,35657,499093,249
4,37912,280253,165
1,45451,283769,264
1,21873,98117,192
4,44040,495022,289
4,18576,440394,56
3,12867,257582,95
3,2253,337409,269
5,33349,145436,64
3,24248,284752,69
5,1326,224374,273
1,36877,193500,44
2,10039,161484,177
4,2543,4388,89
3,14758,470947,169
5,30923,269910,120
2,37951,297247,125
4,39963,293166,76
2,49536,144656,125
3,14489,398194,137
1,13017,420599,128
2,49088,277326,191
5,34490,275144,37
3,15968,74015,195
2,22035,290591,151
4,6648,86173,284
1,16112,265414,41
2,34809,488028,231
5,6992,269874,140
3,29258,198522,176
4,26272,251745,21
4,40379,201856,64
3,30769,374678,233
4,29184,258571,267
5,2294,395748,73
2,8641,163893,21
4,4324,395351,269
2,45529,450957,160
5,2345,494096,135
3,47119,99731,216
2,973,37960,161
4,19961,481412,260
4,40836,332480,225
1,23314,190512,229
4,35221,344129,92
5,40288,218873,243
1,43311,309239,193
1,17509,432286,48
5,9336,318444,209
5,9920,52929,103
3,43745,342820,181
1,40681,256482,57
2,44097,142795,205
3,23323,495794,40
2,30729,392513,123
4,10432,78768,223
2,234,169859,57
2,35227,204579,175
5,48858,451068,208
1,4657,152296,109
1,29534,489675,51
1,49640,479874,276
5,3510,132368,225
3,5770,61881,284
4,47031,180233,169
4,26276,478643,249
4,31759,412897,139
5,28074,40459,128
3,49380,344277,225
5,20006,375157,99
4,48608,448287,52
4,17074,216859,60
5,39261,374580,121
3,29641,438812,115
4,1043,313835,231
3,26681,281556,13
4,45045,99355,216
2,18674,36343,43
1,19912,368809,180
2,42068,304087,153
4,35731,113727,41
2,35246,89151,128
4,17804,344853,201
4,28048,182899,139
3,16406,208146,91
2,26394,444348,92
3,20128,24849,219
2,28356,464762,81
4,19272,403001,32
5,23623,178999,103
2,45096,63400,127
1,222,281475,240
1,12948,193005,207
5,33436,234435,3
3,41246,140560,67
2,29531,169213,71
4,42175,376481,49
4,26472,159914,143
2,18547,86232,109
3,45876,127073,288
3,8552,60291,235
2,18538,498778,225
2,5668,419909,155
1,30798,118805,44
1,12,439623,284
4,30154,286006,28
2,16774,490366,56
3,26562,347153,160
3,20010,354645,163
3,32586,12352,260
4,23307,171894,253
4,44423,62802,265
5,2776,357478,139
4,40083,302140,9
2,25547,203871,261
3,40125,229709,288
2,47482,450981,137
3,27198,28827,163
1,21601,339746,136
3,49227,297668,296
2,1050,376376,236
3,36650,196880,164
5,41699,222227,209
2,48172,131672,256
3,14420,298241,104
5,23383,420209,124
5,18269,219103,291
3,859,115569,73
5,5153,490337,248
1,10417,39857,193
3,41727,13877,240
2,6369,43318,93
1,33982,443259,171
4,15484,190544,268
3,17643,39004,284
1,17366,177750,200
4,34500,482785,121
1,12866,200349,192
4,4935,230308,281
1,26983,203665,269
4,44210,424251,221
4,38062,362559,208
2,26364,43749,133
4,36870,188852,137
2,30037,307107,139
5,15532,78710,201
2,22181,32870,79
1,3087,307111,188
1,47389,197131,244
4,20783,392859,177
1,22188,463054,136
4,4666,469040,240
2,10010,328171,39
3,21871,95994,199
1,1159,279972,245
5,2863,119270,77
2,8587,20283,233
2,22758,487531,128
3,9454,84860,165
5,30563,347090,240
1,19701,37150,13
5,23644,294181,89
1,40223,442520,275
5,38586,428773,28
2,34505,358465,65
5,25681,128652,233
4,19625,227584,77
3,27630,146591,27
1,47282,166079,260
3,13133,16522,275
5,5319,210965,183
5,16253,380149,36
3,16880,238906,29
4,35945,23873,175
3,6117,455012,103
2,8716,481521,72
1,40101,354152,275
1,18801,479115,32
2,7867,127901,76
4,49648,317620,253
1,8554,376653,115
1,9132,121981,27
4,29396,349690,125
1,1757,44358,232
1,13042,182374,151
5,10860,152379,128
5,46963,390433,61
1,4527,339844,256
1,13842,134231,257
5,19404,367973,159
2,42717,217662,107
4,12153,19467,240
5,15486,25902,123
2,16328,233946,92
3,9491,451659,200
2,17319,355032,145
2,5760,389012,220
5,24211,337217,187
5,25744,367772,135
4,32927,167981,125
1,43429,155446,192
5,13052,417233,137
5,13592,248451,225
2,11313,108074,151
3,5337,296926,12
4,19927,96654,56
3,21372,308866,111
5,44461,414387,57
5,30737,340817,168
2,4535,432928,67
3,4392,263752,244
3,8590,306656,140
5,20241,413624,84
2,10496,34169,1
3,49601,465918,280
1,29314,337073,37
3,37663,100840,264
3,7787,394061,87
4,15624,224209,300
1,13215,210080,19
4,39385,13983,64
4,22481,200330,203
3,14580,106941,84
2,12827,116814,77
2,12908,342481,247
4,17605,225904,69
1,40399,247862,127
3,21059,36218,177
4,9855,218677,117
4,11633,116065,289
1,13113,102829,264
3,8143,486396,173
5,9836,121852,156
3,41707,390181,263
5,23524,222581,56
3,16487,197302,225
1,2103,146861,92
5,47912,391556,231
5,22832,468147,9
1,19478,421254,39
1,32883,90289,247
3,43072,169270,100
4,39496,472421,196
2,42855,389174,43
1,14356,489524,80
3,30026,301691,115
4,1146,34836,149
4,8454,4786,196
4,37873,134656,121
5,33639,491076,211
2,27594,4433,44
5,21888,421389,29
1,36384,250412,200
5,21191,44435,115
3,1066,487075,183
4,30201,459750,33
1,19257,346970,240
3,46493,486224,217
1,16784,411106,187
4,34866,75305,261
4,12400,173537,116
5,33127,63003,21
3,47088,132922,177
5,47421,62871,273
2,10579,480364,253
2,31675,390873,25
3,10638,134524,77
1,3129,122105,127
3,10209,197724,239
3,12760,209166,161
5,33298,4934,7
1,27479,344037,161
2,49083,298521,124
5,38571,367308,120
3,15917,157498,91
5,43455,185807,272
1,39941,202618,187
2,13559,31868,135
3,30848,337315,283
1,37498,63086,125
3,4883,217619,117
1,8889,243500,21
3,1846,360704,63
5,49693,473312,32
4,33894,49643,300
1,16314,293069,4
4,35437,189284,289
4,29413,215389,283
1,9913,319583,120
5,24081,120808,177
2,15717,465662,201
4,40666,494258,244
4,21225,107983,123
5,40631,139460,121
3,41255,271794,85
5,20047,498967,285
4,20346,211451,243
4,26708,77300,264
2,43476,418601,99
5,27730,338268,173
5,22294,252339,43
5,21477,282618,260
1,41621,464653,213
2,27257,284284,25
3,16613,379145,209
4,8679,485407,172
4,41477,398851,183
5,25001,346277,28
2,9010,487530,87
3,43937,102786,243
5,3107,471368,180
1,41040,267388,127
3,5571,314799,207
1,8720,27930,247
1,12240,128172,161
1,43681,26792,40
3,19211,481642,299
5,42891,297639,111
2,39730,258244,243
4,22652,214547,173
3,30261,316648,239
3,18965,5094,253
5,13328,372184,135
1,27212,387438,85
5,45191,367432,125
3,7738,110877,243
4,13537,331697,25
3,2849,435072,151
1,31329,244668,52
3,9837,38859,276
3,33697,161422,157
3,32215,490343,156
5,6653,124074,168
1,37468,228222,204
4,37747,61466,148
1,13501,423780,83
5,370,58570,56
5,21724,391315,52
5,18836,197427,169
1,15008,344411,300
2,6221,244574,180
1,23501,253324,173
4,34402,54266,155
3,13730,93864,13
2,19472,455277,56
5,4909,52678,31
3,9051,386381,180
3,5002,306553,76
3,45638,376635,289
5,37457,657,20
4,40516,7902,209
1,26766,477181,211
3,43355,54930,291
4,6296,341447,287
3,25918,442063,20
1,30514,25466,248
4,34091,383299,87
3,18666,77558,168
5,16886,388383,7
1,25994,394720,100
3,29501,242299,85
3,29917,114563,175
4,10751,174276,23
4,49227,418555,4
4,36647,259056,211
4,24252,428281,220
4,29965,85844,11
2,2180,135872,95
4,38073,23027,65
5,8084,269739,79
2,24996,269900,280
1,36427,336943,155
3,18585,151950,97
4,2454,294314,299
4,26783,450653,92
2,46863,359305,101
3,31922,302192,77
5,15018,146912,120
3,47219,238792,243
5,23069,271531,255
3,29272,442095,111
4,41021,7866,212
5,12808,199015,119
1,44672,273040,68
5,26463,285058,245
3,39797,88306,1
1,30499,271372,91
2,49468,244147,213
1,5024,197501,159
1,45098,350837,47
4,15203,310223,8
5,1218,275070,139
4,24446,6304,253
5,41868,463000,161
1,46818,498543,141
3,9855,273397,267
3,22446,431027,241
4,5484,441150,112
3,2088,108534,31
2,29610,76745,236
1,37705,397499,191
1,10621,327008,269
3,13475,493064,223
2,18503,493274,244
4,34269,348645,91
5,3616,484798,275
1,7506,51216,77
4,29744,308459,108
1,21484,352170,140
3,9298,494218,95
4,30877,242380,252
3,23137,481553,13
1,49086,199000,57
1,23317,462109,289
4,37847,422961,172
5,21321,92497,283
1,2409,254809,284
2,42702,170047,125
4,40970,141924,209
5,36065,183791,181
5,5147,122012,197
4,8593,122802,24
2,10559,116431,27
5,12010,332403,80
2,22303,353964,259
2,13060,86366,176
3,19098,249068,105
5,15724,147643,103
1,15213,482101,289
3,8535,474178,67
5,40902,478057,280
3,43585,122210,81
3,45930,27036,199
2,30353,24330,275
5,30627,290235,189
2,13938,344933,137
4,36212,438431,181
5,5423,186048,239
4,44545,245853,99
1,46266,201396,255
2,5528,6661,73
1,25618,183548,297
5,7891,322562,224
4,27379,380553,188
2,5804,386811,27
4,912,169748,137
3,24276,177508,88
2,12002,184418,1
3,28225,230761,37
5,45997,140589,181
3,43119,285688,68
2,17522,481174,227
3,39883,337227,123
3,42214,443507,227
2,21968,41604,235
1,46938,206869,217
4,11088,79888,195
1,20934,261265,52
4,41502,132940,288
3,42219,236084,73
5,42852,257262,209
3,8276,155667,157
4,29256,211155,176
4,35356,122766,204
3,13944,389562,273
3,40869,4264,280
1,39348,401604,33
2,21016,292826,233
5,5789,259594,91
5,11660,78839,55
1,16996,175789,288
4,35499,490409,193
5,34822,307973,91
4,32531,354434,93
2,1247,291921,167
1,21921,383244,28
1,17177,170485,165
3,21831,292109,271
3,26382,429904,189
4,39854,366348,180
2,18122,90354,33
5,15330,166674,101
3,48647,103942,275
4,29650,461077,103
5,17875,12438,191
4,8762,444893,280
5,31209,212944,19
1,2407,328091,143
3,44347,326451,235
2,39886,339185,51
1,10685,281627,89
1,5787,430993,128
5,37039,341048,64
5,24347,60328,60
2,49268,26127,92
2,9754,310401,119
1,44653,275530,60
1,32196,84006,73
1,25458,357786,64
2,42210,208719,175
2,34894,388105,197
1,22752,69444,257
1,13214,332336,267
3,5049,224075,117
4,47325,65357,257
3,34466,40554,112
2,24654,187556,265
3,28506,6129,108
2,45863,334773,248
2,32748,418327,87
5,40366,388628,123
4,19643,218239,244
1,27516,407493,172
3,2254,198932,236
3,10647,86202,123
5,49886,116868,159
5,12443,125634,136
5,39382,180013,167
3,36634,147574,60
4,7820,70143,255
5,36029,25935,299
5,26460,453747,120
5,13396,326662,291
1,14765,241037,97
3,18469,190031,37
3,42516,383878,261
5,11347,444947,52
2,28950,296784,299
4,8412,219143,133
5,9362,16456,276
3,45922,312408,201
2,42782,441677,148
3,8461,78409,23
3,27133,248255,192
2,3243,316796,297
5,12703,436059,160
3,20893,53353,283
2,24839,377566,60
3,18749,478543,125
5,15731,278147,280
5,12865,372221,127
4,18790,5831,39
5,40049,174554,195
2,35763,348094,173
3,1143,428526,121
1,28600,496675,260
3,36947,445079,100
4,34073,233011,272
4,13816,433146,252
5,26423,296884,243
5,24956,63468,239
3,19624,328804,63
1,6177,291458,143
5,20016,240100,300
2,3911,478545,80
4,42057,385433,172
2,31090,499430,112
4,7444,446081,119
1,7543,197957,179
1,34022,94284,151
1,28767,4234,8
2,7558,296895,220
1,2429,26846,216
1,38749,141140,71
1,40160,231258,56
4,34675,314613,255
2,46058,242230,93
1,36607,254868,56
3,6264,141096,96
2,9508,139835,161
1,41633,462353,229
2,43782,479286,115
3,5676,73406,229
2,40935,16928,173
3,9997,198564,39
2,2599,406494,131
1,37147,342884,204
1,17670,343422,39
3,21506,363730,192
5,21479,129386,156
4,5003,248956,33
1,5595,198706,159
2,2121,77306,79
3,45766,355148,169
3,14771,405598,284
2,40464,435120,108
1,48494,380506,56
5,34813,8949,285
4,47523,44186,129
3,37766,314817,36
3,34469,37227,151
4,26019,53582,168
1,44173,368540,77
4,15649,3078,205
4,39999,16297,135
5,11353,36271,261
3,28559,472670,236
4,37495,295210,105
3,1413,348377,185
1,12550,438417,201
2,1828,497810,147
4,30365,422189,59
2,46897,246832,288
2,30407,22569,39
2,28269,47094,75
2,48026,60806,276
5,11798,167372,277
3,38572,442211,247
1,13911,247616,265
4,47472,96740,31
5,18021,66625,300
2,37835,161945,68
2,48155,211419,31
4,44240,150590,203
1,30013,133724,209
4,47344,392942,288
2,20839,118053,152
2,43979,490233,232
5,22227,192410,113
3,32957,34649,125
1,34595,366858,208
3,7764,426001,121
1,21916,227972,80
3,8392,364059,255
1,44704,167821,217
5,14700,451932,43
2,43956,59169,176
2,34432,20257,123
2,42396,410418,145
5,29016,484506,203
3,41906,191406,184
4,20791,232557,132
1,7240,340983,25
4,26413,316263,177
1,568,112101,157
1,37949,27125,109
5,49148,40095,203
2,23471,416787,117
3,21145,284141,153
1,35114,365331,152
2,3397,319945,217
1,46514,265830,140
1,2821,141042,148
2,40376,284400,192
2,1167,498293,243
5,6242,239341,64
3,32206,301246,139
2,42284,181969,212
5,45625,414477,157
2,40030,340870,229
3,34980,395700,293
4,18247,382016,147
2,15751,287693,133
1,3282,2734,45
1,18413,493723,96
3,32711,174173,181
3,3032,481615,125
5,36387,148668,247
2,22388,111166,21
2,13169,190415,231
3,19299,272765,195
4,29596,317873,247
1,8890,22341,255
2,33554,45931,69
3,46666,123115,275
5,36947,425826,300
1,28770,367942,13
3,25589,23924,193
1,3734,225458,149
2,32318,312978,40
1,43988,69859,155
2,24555,101397,47
4,13647,452832,73
4,3056,371571,288
3,36855,427041,167
4,42988,385354,209
2,29104,314590,105
2,9510,378960,221
2,33054,158238,300
4,47602,110548,27
5,27312,32886,197
4,14223,197623,269
2,18920,383089,27
2,48712,396912,88
3,24904,390169,271
3,12426,98592,157
5,12004,485996,20
5,7849,115160,85
1,6600,2928,43
2,41459,82570,285
2,45604,162309,241
5,40091,80103,200
3,16543,314293,239
2,2559,275175,292
5,3193,450785,169
5,11041,53092,129
5,48512,328894,188
2,18510,187004,247
1,12191,327796,83
3,3175,343181,168
2,8092,339608,88
3,17047,36300,216
3,563,320594,295
5,48470,336561,129
1,23600,139278,295
1,6763,428033,80
5,30403,123472,91
5,47996,286356,105
4,49169,270157,183
4,19073,478051,85
4,17441,20955,104
4,46526,381187,260
4,1242,83538,100
2,42691,261972,77
5,6321,86978,188
4,1006,412782,35
3,31952,29935,97
5,28697,183703,156
3,9395,308533,197
4,29343,30699,175
2,45242,276646,183
2,32438,172597,69
2,22167,209876,176
3,17599,400237,135
4,28515,128247,108
2,1637,319489,181
4,49932,217348,240
1,6036,292370,167
3,38763,22041,88
5,3037,53922,87
1,21780,191288,263
3,12009,33339,105
5,35589,88343,119
2,2816,181645,191
4,29226,408529,209
4,37603,466274,252
5,14324,150397,143
3,26578,110570,172
2,43848,394372,281
3,29505,5273,265
1,25794,139660,223
4,3882,384625,188
1,25790,142815,164
2,24891,263805,275
2,22585,320819,137
3,43404,369278,43
2,41271,60744,253
2,13540,111334,203
2,49257,289904,135
1,21902,466749,95
1,22947,86261,215
3,48791,430454,275
1,22469,52782,112
5,45649,113614,119
5,16594,286333,140
1,38083,250086,33
1,38482,452570,3
5,49649,226990,193
5,3400,83217,193
4,22472,334981,99
4,428,425871,271
5,38886,269731,257
3,14564,98909,43
2,9619,48044,81
3,8953,444926,300
4,14242,114874,85
1,36051,325892,21
3,1093,338521,176
2,8362,223960,140
5,25786,319194,103
4,10020,366707,157
1,7574,446505,84
3,8102,325329,143
1,11463,218876,73
5,511,495602,89
5,26303,11509,4
4,31406,492292,108
5,14610,6368,249
4,20291,266610,227
4,15790,107363,143
4,49833,85286,239
2,23875,306008,115
5,42008,193613,237
2,26315,272879,223
3,30392,498435,57
3,46367,31179,17
2,2820,182617,231
5,48200,375808,219
2,24809,126825,84
1,6484,477508,237
5,40504,227943,93
2,27811,408687,259
2,22431,184387,84
3,49652,26716,224
2,47281,438017,289
3,19720,280759,64
3,26170,96010,163
3,18462,300246,40
3,29824,382191,145
5,2216,484482,184
4,39635,42158,83
4,28465,494205,148
1,16835,461605,15
2,23478,461213,109
3,21825,359974,240
4,76,340771,283
4,29067,47823,268
4,5951,70731,109
4,7628,143462,176
1,46681,412205,156
2,16137,412522,181
5,6501,277063,275
3,27351,11865,11
2,4195,22024,56
2,38346,57004,181
4,39701,77307,136
5,39962,477376,205
4,40798,299919,164
5,26251,205584,271
4,15857,452394,31
4,37536,265993,83
3,4845,470920,128
4,15220,494083,225
4,32540,279830,161
2,21491,247266,141
3,18256,64869,277
4,21452,326901,77
3,22755,18827,213
1,18644,222811,29
3,39614,48529,73
4,23656,375678,45
1,26666,472897,136
4,20330,143743,20
2,1451,259181,4
5,37886,402829,260
2,37501,400875,61
5,31352,43428,220
3,4718,467687,137
4,33428,262755,260
1,46867,118869,151
2,32678,392187,193
3,15238,18129,165
2,10288,63420,237
2,598,199115,145
4,1829,342267,237
5,21375,32338,191
1,33385,308704,223
5,49753,431552,149
1,35487,70992,103
1,39207,64679,180
3,35295,237561,3
1,48371,392808,57
5,45860,138266,131
4,48178,230804,124
2,35276,30310,75
1,30812,11746,259
1,21829,476472,208
4,29734,195217,45
1,22907,164153,235
4,24947,385573,151
2,17398,162891,196
3,10185,12766,179
2,20360,200664,69
3,1979,436544,91
2,2107,131392,59
3,44790,352307,248
5,23403,484678,245
3,15581,437449,124
4,46663,67651,211
4,30033,487158,76
2,34857,59589,131
1,1806,435959,133
2,35094,207687,235
5,33374,338191,36
4,21842,66146,128
2,8144,225165,256
5,11651,134147,153
4,8057,150617,48
4,30112,113496,175
1,48844,436781,215
2,42517,60243,121
4,41477,305896,80
4,35815,294606,41
1,25376,307663,239
2,42228,204048,205
1,9696,217483,184
1,18376,300863,149
4,8367,87995,259
3,37916,34059,55
5,47819,170016,72
5,33554,222274,25
1,36135,324191,297
5,37845,292069,264
1,49394,204655,12
1,34100,78216,152
4,32499,242666,48
1,13296,185896,167
5,22178,273929,200
5,12666,200607,231
5,43513,337813,40
4,21145,209771,260
4,23055,470433,53
3,22644,487433,29
3,30881,496926,172
5,33161,263905,164
3,132,33142,177
3,24604,357174,11
3,16877,98123,105
3,38275,261593,104
4,1082,146880,249
5,4816,377213,105
3,39301,93394,269
4,42679,117928,83
1,43998,419080,171
3,569,300994,37
1,36790,134092,233
3,8182,473860,89
2,2839,104583,180
1,15020,172894,220
4,9345,4738,73
5,37830,378090,85
1,19753,55886,267
2,48681,131215,204
4,42199,427796,101
2,16176,1425,225
2,16612,255701,19
5,19528,428843,169
5,17565,486653,273
3,13927,299263,259
5,39603,155894,93
4,21405,491056,183
4,451,50752,187
3,34307,47629,121
3,10247,281142,275
1,29941,35127,188
4,19541,421570,255
4,19231,258559,248
3,11950,337585,291
5,40421,479824,252
1,10322,201098,157
2,36215,341171,227
3,10560,445450,51
3,32566,437294,256
3,3608,301443,191
2,37217,176961,185
5,29781,320848,271
3,48950,148190,132
5,250,470549,15
5,45303,246025,63
4,37907,158517,15
2,4502,290355,295
5,13199,213433,33
3,12307,280390,175
5,41146,360463,228
5,40290,336310,65
2,37783,446896,129
1,19885,356379,263
5,26583,450437,51
3,18722,8666,280
5,44438,280344,265
3,35774,479470,260
1,47317,428898,36
2,11483,491048,272
4,39482,341127,159
2,20625,93609,3
3,15713,70699,229
5,4717,234350,15
5,29313,56586,228
4,8409,32744,219
1,7413,33234,181
3,49880,26032,33
2,49450,22694,185
2,35527,370546,165
4,35639,296973,276
1,48807,126716,112
1,1228,176957,95
5,40435,141382,27
1,1057,272286,15
3,17120,198225,105
1,30416,37464,96
2,27560,478190,81
3,10496,464366,191
2,19168,19535,143
1,20859,406391,201
4,34567,21305,57
1,2573,448982,25
2,13463,138786,241
5,8373,312645,79
2,35852,282339,100
1,40854,131383,120
2,23425,255548,21
1,13517,143698,300
2,36576,192786,267
3,754,188860,287
4,11516,71075,41
2,49514,109142,55
3,44614,88939,3
1,20192,319273,300
5,47179,118889,268
4,26770,208442,148
3,14559,471011,261
1,64,457431,27
4,7844,9065,241
4,37279,181267,123
1,38267,63876,292
2,12341,320451,188
5,16328,134141,272
4,8135,374064,269
2,25029,61775,267
1,8104,367051,47
1,36491,171384,132
5,45177,414791,175
5,43672,148911,163
1,28159,459141,44
2,29480,377837,84
5,22362,230268,68
2,42057,247526,95
2,1905,319882,112
5,46748,470764,209
3,14740,450849,60
4,2493,70810,168
3,34237,263024,83
4,48945,453739,173
4,42926,443336,121
1,36739,29753,281
3,26523,183990,236
5,35373,305026,248
5,47002,349733,77
3,33591,123841,17
1,20184,417101,8
2,26775,288205,4
3,6137,78632,229
1,27691,383710,211
4,48180,490738,60
5,22328,186143,223
1,11027,199963,297
2,29017,255810,280
1,49030,122042,104
4,16248,420298,145
1,30215,5376,69
3,18355,462121,205
5,16943,47853,205
4,22186,447063,183
1,32044,50288,152
4,45806,413757,172
5,21940,474219,196
3,14896,198447,261
1,11389,390496,17
1,4602,357893,153
4,45992,414434,231
1,13376,237387,183
2,40929,11518,272
3,14465,82113,27
1,41559,275931,49
5,26145,33572,241
1,4543,174543,87
2,24169,191210,153
3,3257,444302,169
2,19386,416440,185
4,30313,27358,299
4,45961,408741,271
4,33481,245158,11
1,34327,464010,232
5,44927,376690,9
3,593,258421,209
4,35881,111272,289
3,240,38932,52
1,31570,130405,68
5,21980,398161,232
4,36090,108192,172
1,21168,218553,112
2,22089,79316,97
4,8512,165030,236
2,44227,272232,183
4,32196,229907,129
3,13826,447270,279
3,34467,252523,144
4,3376,288798,55
3,37617,187058,63
5,29930,386122,85
5,12196,48366,1
2,45400,433841,299
3,49128,214051,117
5,35168,78469,11
2,2307,110438,97
4,25315,190572,249
5,24989,26986,101
2,23066,158160,151
3,7876,115579,239
3,34878,409100,13
3,29033,128885,268
5,2156,385060,221
3,15241,78524,76
2,9171,374088,247
4,21218,162220,136
4,5436,133527,63
5,40883,496172,293
3,9960,106332,236
3,24970,117647,151
4,37987,348112,116
3,42004,198031,84
3,10798,6696,233
3,8068,232938,25
1,24494,382545,200
5,21517,85862,181
4,16124,479413,211
4,1146,164053,120
2,23178,424541,237
2,42298,37814,221
5,47573,125850,1
4,23565,133226,156
5,45178,54402,60
5,42519,244743,49
3,1405,419345,8
4,37596,111636,280
5,27215,130400,25
3,9719,401634,275
2,36948,485686,149
2,44106,130559,49
2,39736,370746,291
5,33737,291470,87
5,14572,106732,127
5,9011,132832,215
2,42222,194070,104
2,34417,491583,165
3,44603,57338,59
2,35629,351569,125
3,13346,322118,293
1,23269,131197,57
1,40063,432617,177
2,1983,17453,208
2,41612,489570,269
2,4819,409969,16
1,27941,275407,292
5,44969,279946,289
4,5812,433131,105
2,19086,455528,135
5,6764,153843,111
4,459,390590,248
3,21322,386101,296
3,42034,268286,251
4,43872,51036,205
3,657,117090,241
1,8083,15633,255
3,2823,197634,121
1,1436,322941,244
3,33867,359833,221
4,48493,124394,51
3,20695,52390,173
2,15178,87957,112
1,27466,339707,51
3,37943,389232,37
5,5307,484503,97
5,10882,397678,132
3,43983,194392,72
2,40594,380215,248
3,27024,272842,61
1,17230,156297,240
2,4754,355723,49
4,9524,104115,185
3,42283,240296,205
3,15946,450142,120
5,5314,41439,141
3,33748,38063,292
1,24354,364220,261
1,19726,333489,147
3,34628,35911,87
4,32565,275559,227
5,29243,48146,260
4,36852,60111,52
2,32450,174123,244
5,15476,476146,177
2,450,324907,105
2,37051,266202,99
4,11314,13990,300
1,27848,437612,269
2,40642,491018,212
4,13900,395437,168
2,41121,147414,252
1,2574,152492,251
4,23217,190296,63
1,30840,106164,93
3,9246,37076,137
3,9901,220969,95
2,46557,15782,15
5,37298,113123,159
4,5222,470151,69
5,1325,390932,300
5,33052,36434,19
4,32522,391111,237
1,7173,483272,72
5,22262,398551,279
3,2419,349740,61
3,11399,120050,37
3,35749,411167,251
2,40879,436657,224
3,9937,66904,283
2,23215,392732,49
3,20444,75410,128
2,30111,312030,236
1,27828,31308,225
3,46006,378753,243
2,6950,86014,37
1,31680,211264,24
2,30138,435215,109
5,36442,122495,15
4,48858,51894,83
3,16845,250331,69
4,8016,34306,23
4,20143,363121,16
4,769,152484,107
4,37586,355026,188
2,35417,374690,289
2,17742,131892,247
1,42955,119367,36
2,48541,109153,161
2,19299,20561,57
2,40460,53205,239
1,17688,446375,53
1,28447,238739,11
2,20764,275527,80
5,19171,294638,100
2,15077,111104,39
3,43264,304714,293
5,23464,27748,177
1,23572,281298,104
4,23670,368590,200
1,42517,281895,233
3,33412,348133,121
2,15815,7230,7
3,48316,492759,109
5,12883,283702,252
4,43044,221251,89
4,41167,466236,192
1,8248,42237,279
4,45291,373878,96
3,18907,438555,151
2,38524,428141,63
2,32438,77281,228
1,4400,352753,36
1,7728,100737,209
3,11478,27469,69
2,44131,170413,95
2,29902,360503,263
2,7331,83425,57
3,23793,371649,4
2,36677,200561,276
1,6635,477360,15
3,2734,379707,197
4,7664,369426,300
1,32793,40028,17
2,21501,249097,63
3,16643,316117,199
3,33005,256815,183
5,33784,464424,192
4,35449,322734,36
5,10666,233090,176
2,31425,64571,243
3,19286,276418,16
1,17559,317251,272
5,3589,400745,185
3,9982,445858,175
1,3914,392696,159
3,30065,128649,41
1,23135,181465,219
4,24619,484031,45
4,45071,211215,257
2,10962,441340,219
1,47737,278708,233
5,25583,259969,256
2,31024,437474,109
4,42660,165709,191
3,43585,80806,212
3,34971,333229,33
1,88,39576,192
5,23421,141529,143
4,18863,355917,220
5,18890,56853,7
3,3746,11080,133
2,35111,105922,3
3,48964,365117,215
2,21316,173197,235
3,16418,492748,248
1,24034,19851,155
5,42211,197736,277
4,27933,30415,223
1,45574,310367,104
2,48239,156643,267
5,40912,141163,207
2,20002,45831,47
3,10493,468902,89
4,22191,477694,89
2,44999,498021,25
1,32445,250389,265
3,23521,144273,35
5,9393,288924,295
1,49770,310724,55
2,29356,468245,136
2,30252,74354,284
2,25857,431380,165
1,10151,175021,31
4,2768,453836,225
1,40312,450938,233
4,32717,207999,148
3,30375,198155,32
3,13564,188218,211
4,6469,238910,185
3,43211,245204,235
5,2777,147375,95
2,887,332237,215
2,17942,385941,149
5,3521,274952,27
4,35090,115276,72
4,44180,332259,183
2,40672,5781,192
1,26659,364626,53
4,42974,280001,128
4,38265,264181,299
5,4898,179258,293
4,38983,318994,253
1,30319,480835,72
3,4559,42476,248
3,31311,145481,21
2,49116,234311,136
5,40936,348075,197
5,12757,178042,189
3,30177,121388,287
1,33177,332100,153
5,16329,365029,121
1,32429,236781,236
3,14076,143772,73
3,16118,425959,189
5,41577,471861,221
1,34673,398486,17
1,33616,56093,87
2,1009,161287,41
5,42577,253864,4
3,45384,397029,60
3,32135,159327,229
5,19558,83286,225
1,17281,100120,293
2,38443,316620,103
4,19949,479556,25
4,31523,45440,207
3,9069,412627,155
4,20817,258408,260
2,40514,166244,195
5,30988,443722,16
2,16870,333403,4
4,18316,36398,275
3,1156,158945,275
2,22490,101954,41
3,46620,148599,157
3,33033,197287,223
4,39850,371818,207
3,18744,135530,3
4,23834,111847,124
5,15521,324104,200
1,26144,93615,221
2,48865,187947,227
1,45705,379072,103
2,40063,61266,105
2,30723,216600,113
1,43072,411690,203
1,15751,390568,257
1,7578,379173,245
2,29460,425516,163
4,9312,371925,276
2,25486,201913,23
2,41446,352344,56
2,49530,198146,269
5,27168,192595,61
4,11732,291790,117
1,1810,328499,220
3,12362,457588,228
4,26251,75842,11
4,37445,388445,81
2,19294,308567,17
3,23478,121364,244
4,29716,337722,249
2,22464,43713,135
4,41766,384840,103
3,17425,293194,177
3,36488,365433,147
1,41868,46330,59
3,27337,66739,176
3,21884,20509,172
3,17671,174657,287
4,26275,347156,131
4,16234,271633,167
4,24657,389066,55
3,32336,70024,95
3,38598,284153,33
1,41509,196033,225
2,18499,105508,232
5,26959,292886,63
2,33921,356935,213
3,40977,65300,145
5,29600,116517,33
3,48564,169192,141
5,13895,261611,281
3,19748,478285,211
3,26571,167808,241
1,36919,121366,295
4,15894,365785,111
1,31233,338274,215
2,45947,159724,107
5,45841,287501,297
3,1067,319655,109
2,36549,137288,203
2,19581,302006,211
1,24974,197622,95
2,29094,128086,13
1,48400,123087,167
5,26493,189231,232
4,42020,269019,61
3,24373,333041,289
4,41774,169335,273
2,28398,369563,223
5,33141,81773,92
3,28298,307002,224
4,4383,499311,123
4,5090,155089,229
5,12142,166234,57
2,44063,391149,180
5,33549,250528,213
3,11861,375912,156
3,26449,82353,248
2,16102,329598,292
3,35081,441718,79
5,42301,65694,189
3,26550,266912,40
1,41713,160627,291
4,17019,122914,292
3,43131,400432,229
3,5192,465525,196
3,38286,491810,93
1,43545,34816,68
5,2552,220738,272
5,47265,169455,215
3,6380,168041,285
3,6956,185257,297
5,6613,129168,81
3,5871,372488,163
2,24700,445993,244
1,40976,109763,147
5,23968,401354,283
3,25974,271793,12
3,4230,15441,271
5,1396,460941,28
4,48647,140541,45
1,30011,334,135
5,15621,415438,221
2,30467,204172,292
1,45375,367048,63
4,26119,461947,32
5,41633,171200,196
3,21995,251308,92
4,45695,7116,101
2,6683,384173,144
2,22678,265259,272
1,46744,189745,288
3,41373,174083,169
4,8776,311003,11
5,15121,421734,59
5,18519,203846,35
1,37633,451376,272
1,31994,444827,207
4,25275,450488,252
3,29796,34788,40
4,27854,45853,201
3,16159,400396,235
4,24421,40759,11
4,41584,394150,51
4,28987,71389,201
3,31854,426157,16
4,22369,234248,96
4,23031,484289,297
2,49662,275469,124
5,35610,466608,233
4,6515,18879,219
4,8920,243032,207
3,29433,131389,269
5,32683,180516,15
3,41093,347721,20
1,39610,32935,255
1,36024,384662,228
5,38840,183239,68
5,14139,487691,159
2,22375,309585,257
3,22826,390961,184
4,40720,366527,188
4,1085,439322,133
3,42078,87563,224
5,21951,382999,165
2,4750,387730,289
1,5008,33886,172
2,6900,83281,87
5,33527,370701,281
4,43293,108243,267
2,9526,329438,87
2,11985,181918,269
4,38276,180918,45
2,12941,259368,8
2,38737,169500,299
2,32267,286568,48
3,1532,374727,195
1,26802,210858,165
5,15487,268256,136
4,40127,144425,181
5,11836,465048,244
4,44255,138250,25
2,11679,256883,65
5,10596,491565,181
4,25296,219407,155
1,3157,182665,83
5,28225,271760,176
1,45320,446977,148
5,31909,138390,299
2,13134,316284,168
3,5676,122250,175
1,7925,359186,293
2,40604,284907,85
1,5239,449562,204
1,49357,483552,173
3,33584,407563,177
3,15085,66470,113
2,20404,85682,289
3,8404,199123,245
1,13666,260833,232
4,19124,253761,279
1,44798,411648,105
3,6535,273806,67
1,46663,405558,57
5,26630,291005,65
4,10992,68193,25
1,6128,357662,81
1,12439,186779,177
4,12881,69950,131
1,5495,169970,228
2,4206,101240,89
1,40099,181647,232
4,49757,12848,160
1,12193,84603,47
1,9261,117184,247
1,18897,258702,29
4,39717,92084,255
1,49094,57350,176
5,9430,439960,69
2,46337,77499,1
3,42442,276256,141
5,2633,390979,189
1,34623,146782,216
5,34369,465574,240
5,21044,478103,241
3,2654,287809,33
2,8984,351508,253
2,5202,29733,232
3,45937,237339,256
4,31689,359852,219
4,37598,414637,200
3,774,429562,176
4,8972,151665,297
1,28094,150210,121
2,15152,41273,269
1,31773,413029,297
3,20148,79105,100
2,49107,119722,133
5,29281,197210,144
1,7814,485934,245
4,11387,130189,31
1,10403,408329,272
4,41783,455777,79
5,49068,458959,60
5,7467,393701,43
1,29787,262152,116
2,27184,454735,300
3,32216,169705,23
2,17098,436144,231
3,40457,158748,15
2,11567,402508,48
2,48100,121022,17
2,40603,19556,199
2,45034,18083,289
2,33763,155064,189
3,34357,353829,71
5,13931,187982,45
4,29670,172972,299
2,1472,85423,147
4,23289,352406,184
5,19267,369502,33
5,48384,63828,148
3,7928,408834,67
4,40475,325197,80
4,33837,55392,32
1,25113,372223,148
5,22973,354294,264
1,27699,226306,159
5,34018,62087,205
5,40840,386806,128
4,33049,202138,97
5,4118,336677,121
4,10396,371093,187
4,13872,40411,95
2,32337,477250,192
2,8575,210660,88
3,36581,240340,277
4,31607,30417,120
2,4747,257299,209
4,25493,165986,27
3,5169,349772,43
1,7433,3071,233
1,20568,69390,221
5,39241,337787,140
4,4059,184567,32
4,2728,292709,56
4,17319,2057,19
2,5049,119335,165
5,45534,181393,48
5,49456,21680,199
4,42357,267960,205
5,14696,364574,148
4,805,246597,24
5,26087,43415,263
4,35932,160808,41
5,10088,397756,237
2,45057,315245,52
1,18708,436871,169
3,46296,41760,140
3,43718,386285,16
5,13577,29759,259
4,11880,217045,281
5,27124,391988,233
4,39572,65477,197
1,48442,265223,285
4,11263,153470,224
3,30312,260408,292
1,915,495484,57
5,522,218729,244
2,26754,47487,105
1,11525,343163,283
5,203,302238,237
1,37225,361403,244
1,31355,54216,180
1,19441,212422,119
4,45148,153544,83
3,47402,112391,181
2,27627,237577,229
4,20343,383870,171
1,22505,106958,119
4,33265,493580,216
1,4798,312054,4
4,23217,26564,163
1,45504,487013,265
1,34353,379396,107
4,23706,22175,103
4,46984,144019,277
1,46286,479893,171
2,29598,439651,264
4,41996,287172,120
3,3804,481117,5
1,41713,353712,115
2,43345,51105,225
1,40035,384828,144
5,26976,322825,4
4,9248,202969,164
3,20659,165492,243
1,26916,93178,40
5,37632,195412,189
4,21596,179189,163
2,41102,155691,45
3,28690,342432,240
1,31083,377509,300
3,46786,384618,137
4,30613,306318,97
2,10614,347268,155
3,29391,202031,28
5,37005,2529,12
3,2642,309167,236
3,10101,55611,296
4,33900,187885,87
5,47888,168942,59
1,44382,203083,212
1,43020,458157,140
3,16992,114136,104
2,6880,70951,1
1,27690,317210,39
3,48935,429088,265
1,31344,190135,165
4,45928,187734,180
1,3920,24808,277
5,16512,354622,36
4,24123,448711,109
1,44328,8242,76
3,39428,317256,204
2,12400,203775,80
5,6895,419600,167
2,33999,493909,196
4,41636,332594,279
1,36619,412858,249
5,14716,413713,11
2,24144,201065,139
2,13008,382562,168
2,48628,265274,277
3,43134,415032,65
2,48456,323645,212
2,39737,168669,61
5,25475,44274,160
2,16350,316550,216
4,3353,484601,63
5,9837,410425,192
2,17488,208674,28
2,12490,238518,244
2,18238,306757,221
3,6695,154912,257
3,29669,472055,123
1,38690,64472,15
4,13069,354840,247
5,44825,92034,200
3,13401,339635,271
5,44179,493885,289
5,47752,255579,295
3,66,251782,3
1,32876,110557,281
5,14361,461010,117
3,35970,190029,31
1,48724,220804,164
4,13879,262751,109
3,31331,271386,5
5,16270,209145,187
4,45230,149684,245
3,48801,280035,133
3,45238,404020,43
2,43375,95732,232
4,28570,171202,284
4,25134,23522,64
5,12399,425349,200
1,19705,34804,87
2,46536,287204,212
3,15505,234974,169
2,18704,106567,92
3,29943,360417,269
2,22025,192190,225
5,47535,367366,269
4,14242,356898,71
3,27177,324179,115
2,14941,412379,73
5,6419,232184,221
4,1211,39343,257
3,21830,75453,47
1,24079,429952,8
3,2821,478742,271
5,37393,2857,277
1,19188,235619,11
4,20991,181715,255
2,8035,399036,300
5,26252,10253,285
4,19508,237599,183
2,47847,82573,25
4,20652,392843,235
5,17922,447347,193
5,37271,105887,107
1,17339,23611,205
1,37532,239314,136
4,31305,219178,261
5,913,62194,84
5,27700,389502,223
3,22811,305307,92
3,35714,496839,27
3,22670,76830,187
3,18001,78230,135
2,33420,396414,156
4,49232,424633,176
4,47370,288054,21
4,37897,306102,75
3,29653,136789,129
4,25423,81094,207
2,27851,218276,92
1,18566,123200,280
2,5906,336078,133
5,49169,14029,247
3,36643,42499,27
4,583,193565,227
2,15636,359686,67
3,30806,1920,192
4,15379,385867,21
4,22854,445569,243
2,47689,146070,257
2,7422,372713,92
5,36522,375369,265
5,37921,337438,96
5,18524,113202,245
3,5655,42526,245
1,4299,251118,241
4,34466,13162,251
4,9151,98911,83
5,37315,149238,220
5,9346,33407,35
3,36907,203426,239
5,44120,499083,232
5,36959,242940,88
5,16887,57218,256
5,14280,471026,92
1,15731,76423,115
4,7512,302262,32
4,21401,233031,125
1,31817,422038,289
3,38418,25713,12
3,3080,282371,300
5,5216,401570,283
4,43280,252573,180
2,4808,230508,272
3,45210,339205,225
4,18771,327031,289
4,11334,362542,175
2,37816,390520,300
4,18457,407377,285
1,36968,454396,281
3,44484,14150,136
4,31772,449637,189
4,32104,428889,53
5,48358,432354,152
2,22300,261128,87
1,23936,69470,101
4,33767,449954,143
2,15132,294319,104
3,9323,129686,300
1,29785,429161,81
5,836,354293,103
2,1265,255136,29
2,44644,120915,143
1,41257,393919,125
2,7639,82376,232
5,30205,304038,224
4,5901,498445,68
4,37763,361092,283
5,2656,460595,143
2,48334,182739,19
4,23191,201069,109
3,12439,104100,229
3,33667,56492,32
5,43268,459616,8
2,46868,123389,199
3,11323,394597,252
5,46108,464569,41
2,41403,392909,97
4,36925,315658,217
1,8583,329034,205
3,5018,466753,300
4,19983,284055,164
5,49293,435054,3
4,479,165872,161
4,29667,330227,143
4,18163,484318,233
3,31327,241665,284
3,41726,172410,41
4,23220,263285,25
5,14106,25746,32
1,42260,131284,195
4,26083,212522,160
3,10925,191470,8
4,16048,411990,171
4,47597,291960,109
4,40365,27816,163
1,20977,150311,181
2,47569,111484,40
1,6661,469528,221
5,10315,400730,17
3,38755,405038,228
1,34780,355297,23
3,16748,57507,147
1,7636,344402,148
3,13379,312936,69
2,5186,220896,268
2,24763,76776,25
5,35140,444180,123
3,38953,469147,197
5,20891,340649,243
2,31409,360418,247
2,13215,264240,149
2,27727,204601,268
5,15127,9432,280
4,23889,412092,171
3,48269,341060,201
5,29909,361137,16
1,38527,262378,232
2,26365,57801,175
2,1045,242915,272
3,590,221534,235
1,36079,28689,293
2,35390,410162,176
3,33431,320437,27
1,32567,25143,95
3,12939,161312,16
5,22521,376192,228
4,40744,490142,181
3,21909,322815,112
2,28188,80124,201
4,36851,283564,76
3,25651,475985,123
5,4070,70165,237
2,23190,405895,281
3,18754,402263,81
2,25232,464167,236
2,4560,171678,229
4,45456,363097,13
2,20276,81559,25
1,13030,149643,281
2,23738,315353,37
2,39202,80642,217
3,34876,206308,225
2,7410,403927,181
5,9348,80247,185
2,31796,468180,12
4,19051,339749,200
4,18574,452195,141