"customers_t_customerID","products_t_productid","quantity"
31791,59,4
41092,145,1
216,159,3
20063,179,3
34112,247,2
34804,220,3
28890,97,2
25381,92,3
5721,41,3
15364,233,5
49868,300,1
8981,177,3
31708,69,4
30945,23,4
46809,104,3
28713,288,5
32351,41,1
29730,215,1
34623,235,1
22938,56,4
37284,101,5
2481,79,1
6327,109,3
25565,147,1
14438,261,1
22506,159,1
25583,159,4
4852,300,2
23061,260,2
39356,188,2
3902,65,1
42532,201,2
46142,44,4
26230,89,3
38624,104,4
38263,137,3
17204,95,2
12278,195,4
32143,44,4
19862,104,3
39690,123,4
48816,292,1
2915,260,5
43147,257,4
6774,179,4
45516,265,3
19769,207,2
11410,49,5
9699,269,1
15119,283,4
10810,108,4
18902,257,4
28694,197,1
18896,56,2
37737,76,4
42440,300,1
17833,153,1
40233,75,2
40803,193,2
39885,128,2
5731,199,1
15181,93,1
37708,101,4
20724,145,4
42272,100,5
32303,259,5
36868,257,4
12048,256,3
23560,84,2
31936,275,3
47180,12,3
8271,293,3
32332,89,3
16852,140,5
46706,17,2
39799,165,2
13261,155,2
12587,215,5
6423,296,2
525,175,1
45405,24,1
19218,76,4
25259,89,1
14350,188,4
41216,4,4
36135,280,1
27550,75,3
46215,192,2
38172,97,3
5074,191,5
47265,24,1
4562,68,5
39045,203,1
23956,207,4
18427,240,4
2229,161,1
41212,25,2
39645,261,5
40451,156,3
31311,28,5
19332,56,5
27951,123,3
31672,72,2
30136,300,3
34276,81,3
18421,37,1
35370,191,2
35178,8,2
28736,127,5
39874,36,4
16207,251,5
45400,28,5
9448,13,5
27513,172,3
8478,168,4
25015,193,3
31597,168,5
49571,68,5
35189,52,4
36958,173,1
34565,212,1
4968,180,3
5692,151,4
24922,235,5
26324,33,5
46210,111,4
21431,273,4
26300,199,2
40297,96,3
18206,13,2
32779,151,2
32360,156,4
21546,248,3
20280,176,1
40718,237,5
46585,27,4
3629,165,4
38125,131,1
15162,87,5
1392,88,3
49149,56,1
35587,157,5
23531,209,1
10744,149,4
49473,201,5
4134,293,3
3468,237,1
3757,123,4
10667,229,3
27258,285,3
30844,55,1
7599,53,1
4307,213,2
151,273,3
11579,41,4
1533,123,3
13312,17,2
9189,187,4
32899,237,2
46040,229,4
12065,51,1
14129,143,1
42434,175,2
41912,215,1
40265,137,1
22269,249,2
19055,7,1
31844,117,5
38693,147,5
20866,9,4
35020,73,2
41672,284,2
48098,160,3
14439,155,4
39435,272,1
22701,164,3
4447,67,5
29875,279,1
31028,153,2
16938,89,3
10478,80,5
38553,117,4
1894,204,2
24106,96,1
3915,51,3
30516,96,4
7317,196,3
3820,27,5
4573,3,3
47213,184,1
38783,235,1
38206,47,4
40823,29,4
44065,187,2
39255,111,3
41566,140,5
2372,195,5
15903,221,2
28218,143,3
6090,4,2
21186,4,4
15581,112,1
25208,135,4
31418,269,3
11797,207,1
11491,121,1
23827,135,4
22818,299,3
43304,184,3
2639,169,3
11597,208,1
21678,147,3
14634,105,2
40060,28,3
38730,83,2
34967,205,2
37184,153,4
22720,23,4
15369,216,2
22641,125,3
9064,201,5
16238,241,4
18774,269,5
20371,224,1
11798,93,5
15408,4,3
13374,127,5
33783,55,2
2036,179,1
16257,104,5
28330,252,2
23640,284,2
19112,13,3
20845,184,5
47388,260,4
20068,232,5
42759,251,2
5735,55,1
30403,9,1
23280,52,1
44805,200,2
38262,89,1
14435,93,4
45946,229,3
33778,13,3
14360,113,1
36333,204,2
48387,296,1
14803,56,4
26592,67,1
29563,100,3
24706,133,4
7996,112,1
7318,9,4
45530,284,2
12465,85,2
18791,85,1
49830,213,3
16949,175,1
43700,19,2
39206,88,2
45293,109,4
25867,15,5
1621,144,4
41719,135,4
13650,117,3
34482,105,3
16801,284,3
2442,221,2
38654,269,4
41661,95,5
1182,128,1
43401,195,1
31643,17,2
36029,259,4
32759,277,5
45118,169,1
17384,176,3
22262,123,4
15083,289,5
34806,196,4
34546,289,5
43202,29,1
2809,209,4
10729,79,3
46413,51,1
44855,8,5
42660,11,4
906,240,2
39798,88,3
6541,61,1
27140,77,4
47616,164,5
16625,125,1
20139,295,5
26822,299,3
28063,32,5
21742,205,1
33296,141,1
21492,201,4
24597,235,4
7115,133,1
1520,135,3
42504,289,3
37003,199,3
19082,177,5
6424,247,4
43020,17,3
19726,48,3
2568,283,1
19222,247,4
37447,176,3
37455,17,3
24102,81,2
16858,213,4
39912,75,1
31270,240,4
20882,121,4
47794,208,4
46847,16,1
25066,16,2
43936,85,4
39019,212,3
32946,47,4
41111,153,3
16134,61,5
17234,92,2
5598,205,5
41248,283,5
23137,252,1
39696,179,3
21918,61,2
24894,269,2
29530,21,5
20574,75,4
32228,245,4
4798,3,5
21112,20,5
28224,183,5
44233,265,1
22903,248,1
35879,269,1
22791,192,2
6458,268,4
41934,92,3
35859,104,3
27377,263,5
46679,29,2
22596,181,1
35784,264,3
26009,83,4
37189,204,5
15476,244,5
24282,233,4
33934,111,5
32377,23,1
18415,221,3
19545,155,1
2095,285,5
14772,172,4
5753,283,2
5999,225,5
44066,297,3
45589,32,2
31811,99,1
43432,209,2
21203,239,4
29437,211,5
13531,140,3
24906,181,1
3815,47,4
15593,211,3
3926,48,4
10998,216,2
47882,196,3
41359,196,4
27235,280,5
19737,11,3
43219,132,3
5534,207,5
23005,127,2
24368,132,5
26282,129,2
5221,292,2
11362,125,1
7404,83,1
42571,247,4
16110,31,3
458,228,4
4145,7,3
41508,175,3
8189,33,2
45221,152,3
40372,64,5
39163,217,1
39723,260,3
46765,23,2
16765,115,1
48188,193,4
45935,205,2
31892,232,5
19344,160,1
3497,279,4
32197,228,1
9803,229,5
11449,119,5
34046,213,1
12570,160,1
8392,241,5
41273,264,4
8881,19,1
49978,87,1
33542,109,2
24749,19,4
28672,13,1
30179,37,5
17323,263,4
11250,248,1
44070,232,4
8584,255,5
38865,131,4
45468,119,2
47536,19,5
41615,224,1
15833,87,5
35991,200,1
26644,188,3
31279,12,5
356,291,5
37058,109,3
18994,168,1
17321,211,4
16258,4,3
35032,175,5
2841,84,1
3146,255,5
1263,4,3
4787,140,1
20686,259,3
16865,88,1
29819,120,2
12717,203,4
11564,273,1
9820,248,1
49676,168,1
48522,83,3
5707,117,5
12849,173,5
19705,56,1
12614,117,1
13235,81,1
34341,287,2
7978,209,5
33749,279,3
45933,55,4
2840,223,5
19843,121,4
17935,147,4
3670,200,4
17547,107,3
34783,239,5
10460,180,3
16859,295,3
18821,45,3
49723,87,2
8492,196,2
6230,183,3
1085,65,1
1285,125,2
1557,251,4
26103,52,5
41070,21,2
21510,261,4
15616,124,5
3591,115,3
48943,249,1
24663,45,2
14066,161,5
49125,153,4
43618,83,5
7440,3,2
24378,107,4
44321,155,1
13478,261,3
47546,188,1
24622,69,2
43863,99,2
18209,84,1
2359,101,4
47101,236,3
15880,156,5
34010,164,2
44697,25,2
24170,52,2
18198,64,1
37507,123,2
26946,263,4
48344,139,1
5230,183,2
41921,241,4
33078,61,1
40245,189,5
7970,245,1
24245,252,3
6068,285,3
18088,113,1
42008,164,2
37255,288,1
7520,75,3
36148,216,1
6006,207,3
34700,45,1
42040,4,4
39941,299,1
38542,36,3
1724,120,2
31315,83,5
19522,75,4
3598,100,1
5532,13,2
29936,16,3
7505,88,5
42512,240,1
42033,229,5
20047,105,2
22201,192,3
25513,80,5
20287,136,3
47281,67,3
854,132,3
34199,3,5
4860,45,1
6480,75,4
21446,24,4
17239,164,1
7862,260,1
29317,261,1
621,45,4
43038,185,2
38576,204,2
37611,291,3
20299,157,1
12962,293,1
14572,103,4
5027,4,5
36112,48,5
11594,121,1
45204,29,3
20018,227,1
42723,3,3
3842,108,3
49827,15,3
12376,147,1
16299,195,2
11120,269,4
45001,239,3
36568,237,1
28924,107,4
5927,109,3
29372,20,2
22061,224,4
31895,231,2
43411,23,4
21305,269,5
26705,192,5
20923,124,2
14403,176,3
47245,244,4
25869,248,2
37916,41,2
25411,91,4
11242,256,2
15059,224,3
1141,297,5
44254,159,4
14709,219,3
5701,19,5
21390,81,1
19764,140,1
33793,119,3
5955,80,3
7216,259,1
10859,35,4
35412,287,1
9000,48,4
17843,60,3
30497,283,5
49101,224,2
3849,24,2
45315,216,4
27118,187,4
35215,205,2
29118,181,3
29528,63,3
24312,93,2
7694,299,2
28467,81,4
29240,296,3
22274,247,5
1851,65,5
8000,253,1
40527,7,2
27364,172,5
22568,208,3
38969,220,5
25854,196,3
49980,223,1
36514,192,3
22481,267,2
31063,188,2
27534,300,4
18685,228,4
23004,208,4
44977,215,5
47191,229,3
20998,180,3
15303,133,1
27154,43,1
9387,124,2
2926,13,4
23327,253,5
29172,165,1
42074,271,1
20521,52,2
37126,201,2
42828,49,5
37251,9,1
36802,31,5
43540,67,2
41868,95,1
17011,149,5
46844,172,2
23427,113,2
40225,60,3
9848,71,4
7313,77,3
6160,255,2
39914,59,2
29547,7,5
33280,76,4
44568,39,2
12125,4,1
21439,47,5
4351,229,3
21484,168,4
21730,191,3
18117,255,2
48145,24,5
3356,240,1
46420,236,2
43041,33,4
48360,152,2
9677,297,3
157,100,5
16319,265,3
22377,255,4
20276,8,4
40855,68,2
13166,59,1
34057,208,5
9218,208,5
39995,181,2
37275,177,3
26687,68,1
34008,116,3
28111,260,2
616,223,3
14904,95,5
12980,167,3
31574,61,3
39230,172,5
5066,31,2
43222,155,3
8308,207,4
47429,100,2
46830,67,2
8635,300,1
5263,225,2
19470,175,5
11733,77,1
13683,1,1
13713,209,1
26608,95,5
40179,215,1
3040,84,2
37554,80,1
14050,77,4
15576,72,5
31666,260,5
41234,131,5
1854,229,1
30306,259,3
30028,183,2
41748,91,4
24903,123,1
25390,20,4
48954,243,3
16261,127,3
33513,29,2
23599,125,5
8115,189,4
35911,85,4
14756,200,4
32458,56,2
23224,5,1
29700,152,2
30901,168,3
8824,296,1
34062,117,4
38849,120,5
22749,229,1
40549,161,2
49853,91,4
22301,45,5
44550,153,3
25110,292,5
23189,41,3
42023,269,5
33275,231,4
36350,249,5
17296,88,2
43818,43,1
28604,197,4
6317,249,2
4680,143,1
9638,272,1
40453,165,3
36349,147,5
2927,60,4
10569,293,2
33329,185,2
46328,257,5
35803,108,4
39325,104,2
11039,129,5
46630,279,1
22226,280,3
43827,237,2
1558,232,5
14045,15,1
37520,49,4
42517,232,3
22062,88,4
7113,39,3
15429,5,4
27054,89,3
10959,177,1
12151,241,3
30,21,1
40878,281,2
22928,88,3
33622,72,2
9207,245,2
9696,93,1
43586,127,4
7287,115,3
29525,107,2
1188,145,2
31285,223,2
12556,48,3
7474,175,3
6710,128,5
4983,39,3
20649,19,4
7710,223,5
32119,39,2
19877,188,5
45194,243,4
23019,73,1
33753,83,3
22696,123,2
33271,47,2
38323,77,1
31902,291,2
25868,125,1
42032,96,1
2973,275,2
32771,161,2
37691,136,4
26473,135,5
46425,265,3
20346,27,4
29964,155,3
23648,245,2
20791,111,4
14623,272,5
5381,195,4
3751,117,1
26329,253,3
41246,263,3
2542,236,5
3524,156,2
46271,251,4
4881,283,2
41881,201,4
43705,289,2
46268,164,2
10227,273,4
32227,220,3
48328,256,4
7562,75,4
36896,109,2
11225,133,4
42897,283,2
17506,163,3
37109,140,5
42985,225,2
9816,99,4
11705,183,5
6143,187,1
30285,136,4
24061,175,2
40236,44,2
11711,155,2
8346,52,5
13483,241,4
37282,288,4
37957,176,3
14070,8,3
48159,297,2
14679,164,3
2374,208,1
48346,69,3
22228,173,4
24454,156,1
1669,3,1
10872,52,2
30672,167,1
37764,40,1
33514,23,2
43831,135,4
12664,31,2
23672,173,2
693,85,2
16181,20,3
6772,97,5
32916,32,1
8623,276,5
25765,223,1
17201,183,1
14011,160,3
44777,44,4
10367,61,3
44472,113,4
10073,129,1
42639,23,2
44484,93,1
31793,97,1
30242,29,4
33085,80,2
34920,132,5
38932,261,1
26606,1,2
16523,243,5
48635,16,5
14648,51,2
33805,251,2
30592,60,4
29954,248,2
15659,28,1
42474,59,4
49196,32,5
25167,48,2
46646,272,2
12562,87,5
27810,112,3
11131,208,5
49323,257,4
1450,143,1
25176,23,1
25301,148,3
29938,171,3
36072,260,4
33119,140,2
35216,165,1
3715,157,2
30313,103,3
37386,56,4
8456,224,3
47808,207,2
41677,123,4
15637,1,2
30078,19,1
26395,212,5
46204,152,1
32401,165,3
38497,215,5
24497,153,3
12180,167,1
43461,255,5
4057,83,3
19802,261,5
10790,245,5
23306,160,4
43339,244,3
2335,248,4
13365,56,4
6038,20,2
1207,281,5
12103,93,3
14209,67,2
6982,260,2
1532,101,2
23279,75,2
17295,273,5
41499,264,2
46549,207,2
3270,216,2
10629,119,1
5294,168,4
34283,27,4
35935,247,1
1100,43,2
10480,161,4
24040,247,2
9242,163,3
14526,88,3
28265,289,2
32579,68,3
11215,64,1
5626,189,1
29358,133,2
13918,228,5
47703,272,4
43971,155,2
37575,177,2
32977,187,1
45618,56,1
24111,196,5
14179,120,2
21094,171,2
31365,159,5
27695,201,5
11228,13,3
4661,141,2
17220,291,5
10269,67,2
4252,67,3
20544,20,5
39175,57,5
21732,231,3
24961,63,1
23171,33,2
26223,237,3
5445,5,5
43895,245,2
36180,9,4
29508,281,5
32446,95,5
24654,203,4
40739,129,2
24985,93,2
4846,128,4
19861,132,4
22958,180,1
7174,251,1
14571,287,2
30134,200,2
42048,136,1
14326,95,5
4592,221,3
9280,236,2
5287,23,3
42061,60,1
6788,268,4
29619,239,3
36997,132,3
28133,209,5
47043,140,2
34188,3,5
28995,127,1
21724,7,4
26953,227,2
36253,179,5
47871,271,2
48496,179,1
48428,87,2
46116,95,5
21533,164,4
18056,129,4
39808,136,5
22764,79,3
44744,252,3
41370,120,3
27974,169,5
5323,44,1
16653,172,1
46849,17,4
42003,11,5
14168,119,1
46258,105,4
35282,163,1
31839,17,2
35134,64,2
10821,77,3
12452,173,3
36378,59,5
15518,177,4
25861,184,1
320,64,4
20056,120,2
17033,292,5
12786,260,4
48576,211,1
45817,161,5
41166,57,2
32509,295,1
24573,15,5
29373,40,3
10539,204,5
36821,221,4
31827,216,5
46846,73,1
5912,252,1
36172,223,5
47179,12,2
9194,257,3
24727,73,1
23924,192,2
47004,140,5
20572,47,2
46446,192,5
38529,155,2
2203,291,5
13569,33,3
1303,7,2
31759,96,3
24878,229,5
35085,45,4
40495,147,1
23784,119,2
6980,127,1
37299,223,5
24096,3,1
32478,80,2
12124,40,4
28337,283,2
37536,80,3
7439,272,1
45183,52,5
30872,99,3
28905,201,5
5855,185,2
35109,280,5
39814,205,1
27441,156,3
17042,5,2
7594,243,5
8001,69,1
31727,101,1
44957,120,5
38168,284,4
37313,129,3
16142,28,4
35121,188,4
19216,101,3
21584,191,2
13672,296,2
15719,180,3
9075,283,3
6180,27,5
42020,119,2
18960,117,3
38772,253,5
29579,28,3
34613,116,3
21411,157,1
33576,123,2
2610,75,5
43144,4,1
5655,208,4
2565,120,2
34401,80,4
42451,221,5
20640,72,4
33797,76,4
47693,60,2
25243,4,2
29860,288,5
13298,37,1
49201,267,2
9611,81,3
19532,163,4
29606,184,4
49699,80,5
40555,109,1
32939,200,4
10862,264,2
38664,109,3
10800,65,2
4209,261,3
19401,257,2
28568,61,4
32639,145,2
45171,108,3
12884,167,1
279,100,5
5211,52,5
5589,291,4
19086,191,4
8640,225,4
33607,65,5
46922,95,3
23434,253,3
21778,273,1
8979,9,1
46654,237,3
25741,153,2
27989,184,5
21136,239,4
27778,264,4
4098,172,5
21556,61,4
49424,155,1
25681,232,1
46168,152,1
26690,280,1
44015,17,4
134,232,4
18277,45,4
39714,35,3
37439,171,5
49567,285,5
21561,40,2
19232,180,3
1492,141,2
9516,180,2
22487,272,3
16415,212,1
14241,163,4
13305,263,2
43537,80,2
45095,277,3
39248,284,4
2987,13,2
17026,47,3
40697,16,4
4579,132,4
34237,197,5
1570,149,3
15341,295,5
43613,144,1
48733,180,5
15326,117,4
19578,84,2
48642,239,1
42657,239,4
11906,223,5
41274,23,3
47875,33,3
13583,269,5
40793,129,3
36256,107,2
130,264,5
25467,28,4
1567,185,4
11383,207,4
29659,163,5
32270,151,1
3256,120,4
33558,263,4
16018,80,5
32683,192,5
39449,276,5
17003,287,4
27143,131,2
9087,183,3
4754,15,3
36552,227,5
22832,163,5
6545,211,4
2054,8,2
38665,69,1
41318,245,3
8634,96,5
3518,160,1
46589,15,4
36694,115,2
15114,36,4
8789,83,2
38200,279,3
37271,16,4
49711,191,5
4684,265,1
5487,279,2
21187,89,5
3373,121,2
45944,32,4
30155,188,5
502,248,5
32026,269,3
12843,65,1
30397,207,3
27374,277,3
11980,208,3
36425,24,1
29845,212,1
881,263,1
46795,161,3
11411,221,5
22617,267,5
47444,224,3
5008,120,5
41801,29,4
27310,85,5
1514,213,5
10415,31,3
1275,253,3
27333,161,5
45843,237,1
5140,39,2
1816,71,1
19374,240,3
35086,92,3
42165,211,3
27035,296,4
8823,228,3
48290,196,4
27875,285,2
204,277,2
8291,51,3
36376,9,3
46179,93,5
43764,20,1
24139,247,4
41514,279,3
32209,201,5
8819,143,1
34215,195,5
34619,59,1
33643,195,2
41226,47,1
46733,211,1
31900,260,2
26224,36,3
36938,231,3
42515,109,4
24322,76,2
29729,259,5
36590,213,5
45036,136,2
22733,121,4
40271,196,4
28522,105,1
37488,291,1
24483,41,5
6337,57,4
18305,111,3
9495,207,1
21285,155,1
44989,107,3
43188,23,2
28069,213,4
4927,29,4
15652,272,5
7098,71,1
23124,187,4
12045,24,4
976,160,5
19176,73,1
10,155,5
29653,37,1
5895,187,5
48070,199,4
14232,5,1
22848,236,2
49607,264,5
25415,232,4
6638,196,5
4031,144,1
38636,155,4
4077,160,4
30432,140,3
12250,273,3
5135,244,1
30277,79,5
7349,259,3
40053,188,3
46473,244,5
31064,187,2
10963,119,1
46618,287,4
8686,164,2
32376,128,2
13373,53,5
32499,67,4
42236,243,2
42659,193,2
41698,113,3
39756,117,4
33106,21,3
12355,131,4
28969,223,3
9417,296,2
23413,248,4
16454,293,5
12897,193,1
36724,231,3
20199,77,1
32653,140,1
35236,179,5
29562,80,5
7716,223,4
31226,292,4
39161,165,4
6246,173,2
622,292,5
11490,27,2
4027,269,1
30490,160,5
31929,205,3
38214,176,3
22474,15,3
11330,111,1
29825,47,2
35310,299,4
4826,3,1
41205,31,3
39545,32,4
24826,129,5
38897,240,3
1422,224,5
33687,141,4
19591,271,1
13295,49,1
33704,45,5
34527,3,1
27146,165,1
3010,59,2
37500,1,4
15710,175,5
20261,276,2
582,88,4
46778,271,1
6356,63,3
32776,247,4
37856,193,5
46102,177,5
18189,128,3
833,165,1
42159,267,4
31634,155,2
44051,52,5
11356,189,1
9246,131,5
21820,207,3
13580,248,3
9313,204,4
4729,155,1
19285,151,1
39507,240,5
36749,53,4
5711,159,4
49178,67,4
47333,84,3
2369,267,4
3155,108,2
31735,147,4
11749,27,2
32665,11,3
22231,23,4
43351,128,1
42582,61,5
36171,128,1
21817,216,4
36049,73,4
25634,128,4
2255,292,3
25700,299,2
12568,19,4
16894,112,3
37887,9,3
35062,44,1
44661,40,4
37285,289,4
40904,269,5
20469,293,2
34307,64,2
34762,56,5
35717,108,4
24856,287,4
33312,49,3
3580,36,4
31969,100,3
30786,268,1
31291,56,3
3044,228,4
21154,155,4
6527,143,5
37074,7,2
3805,27,5
53,73,2
31734,193,2
20843,240,4
21539,184,4
10328,277,1
42664,28,4
21570,283,1
17231,184,1
10321,71,4
39006,39,3
34153,287,5
17507,275,2
38515,41,3
2252,97,4
47440,60,5
39515,68,5
14869,9,2
48008,277,3
4894,275,4
15000,231,3
28714,141,5
34848,29,2
4181,51,4
5511,143,1
3688,139,5
44271,61,4
6145,127,1
2678,3,4
24472,92,1
42046,280,2
21388,148,1
47306,155,1
22936,184,2
26680,55,5
48120,223,3
46222,279,5
9192,88,5
36650,181,2
21190,159,5
31778,188,5
49682,137,1
49336,20,2
9882,39,1
44451,21,5
13803,215,3
19634,295,1
5108,63,4
13561,251,1
41295,203,2
46945,220,4
34119,112,3
41738,4,3
28806,153,4
4210,188,2
26044,40,5
19820,177,4
30949,269,3
8206,209,1
40247,120,4
48067,191,2
8533,133,5
28811,27,5
8209,239,4
29403,35,4
16896,172,3
10136,43,5
26301,224,3
5120,299,2
14344,197,5
9649,205,5
707,151,2
21581,88,1
33361,28,4
45185,172,4
30027,105,4
2048,48,5
20842,243,4
23995,25,3
5978,273,4
23202,33,3
44620,239,4
26453,208,5
32968,265,5
46416,165,4
24909,152,1
14769,277,2
45827,167,4
5482,69,1
48845,83,3
34211,160,2
47954,141,4
16253,199,3
25160,232,3
15135,36,1
1694,221,2
15235,300,4
12536,56,3
13645,235,3
35222,283,1
6044,83,1
18769,23,5
15113,152,3
39108,67,5
34419,19,2
35447,40,2
16636,235,3
11808,224,1
35655,68,1
18804,220,4
43210,83,3
10315,101,5
38745,152,4
18889,45,4
12956,160,2
30260,7,5
19166,63,1
31947,157,5
8691,195,3
30784,231,4
97,224,3
29283,263,1
41829,101,3
19400,103,3
22042,27,2
23724,288,1
45049,107,3
48094,199,2
4565,268,1
25049,16,3
16692,8,5
35096,244,5
30270,24,5
3613,184,4
24284,236,1
32215,119,4
10090,128,1
28140,64,1
23804,139,4
42568,80,4
40809,23,4
12200,144,5
46548,193,2
26795,81,1
22817,141,1
45314,19,3
22297,92,1
35789,68,3
7126,265,4
39464,280,4
17784,39,5
43307,289,3
42720,5,3
16496,279,1
9505,172,5
28716,61,2
24386,171,2
16603,19,3
24538,15,5
25767,100,1
27918,19,4
35177,209,3
47165,184,4
48703,79,2
18490,51,1
23679,177,4
36178,39,3
16629,27,1
47442,49,2
7776,165,5
12209,224,3
49286,128,1
13942,124,4
24915,205,1
36612,145,3
39437,203,1
9264,193,5
45705,216,3
16380,295,3
15158,272,2
26700,213,1
33247,83,2
17145,147,5
31481,223,5
16302,91,3
24268,217,3
28137,257,2
42667,228,5
864,97,2
21648,155,3
45424,233,2
4528,49,4
46332,167,4
18648,285,2
7328,285,3
15612,207,4
24115,268,2
10643,20,4
38663,53,5
5817,7,2
7414,96,1
25341,99,5
26958,179,1
12217,251,1
18603,256,4
28504,113,2
1536,41,3
38937,109,3
29927,132,4
47926,132,2
4238,31,5
9582,296,3
45188,257,3
43927,104,3
25366,48,1
10313,288,5
12899,40,1
14359,289,4
2101,69,4
42014,205,3
42895,107,4
32375,248,1
47391,187,4
18044,267,3
5700,201,5
140,220,2
6782,3,5
32768,269,1
21423,21,4
33210,25,5
27767,32,4
45775,181,3
44071,229,1
32519,105,5
44478,199,4
21989,11,5
13916,273,4
38498,32,5
21080,108,2
2555,55,4
26392,40,1
22522,127,3
16250,147,5
32110,183,2
29627,11,2
7463,145,4
40705,237,4
8550,276,4
35866,135,2
30987,104,4
18617,273,4
277,17,2
42396,92,1
32178,157,2
3310,280,4
49543,275,3
5218,149,1
26704,232,4
41548,257,2
13731,188,1
2402,44,3
16296,152,5
29523,271,1
36949,284,4
27240,161,2
29447,1,2
29670,175,3
3242,19,2
1089,12,4
33993,67,2
28690,297,1
48107,44,3
41221,168,2
8386,71,2
17728,65,5
29124,91,4
7153,115,1
40791,216,4
36699,29,5
18202,171,3
27605,227,1
12396,47,4
30656,271,2
11693,145,5
25988,132,1
49220,197,2
42668,37,5
45701,52,2
37051,27,2
291,161,3
274,139,3
44313,235,1
24644,85,4
25480,92,4
33792,279,2
18079,223,3
25887,253,2
18589,97,4
19739,253,5
28832,115,2
36901,88,4
35480,260,3
11289,177,5
14535,252,4
10064,188,1
29350,256,1
32283,84,3
42333,264,4
3473,32,4
27076,49,3
2127,3,1
24873,71,2
17046,67,4
6100,287,1
30826,295,5
41001,133,1
10322,191,5
26915,25,5
29383,259,1
12652,295,2
2711,169,5
20409,44,3
17346,292,5
47321,119,5
2253,41,4
10802,83,1
41298,120,2
4856,235,4
9365,195,1
34803,208,4
36564,55,1
10591,207,5
11645,53,2
16614,7,2
41044,93,1
15407,245,2
14174,4,3
23210,33,5
11575,140,3
19932,159,3
7744,211,4
33990,217,3
22659,196,5
29800,264,5
48301,144,5
43810,23,4
15598,29,3
14444,131,2
44240,205,4
20565,189,4
42039,105,2
5434,239,5
4115,97,5
6854,3,4
29937,181,2
38304,61,2
27294,148,4
46991,12,4
39635,117,1
35827,137,4
32341,151,3
29897,53,4
1385,168,1
34652,21,5
31110,77,3
29869,111,5
25525,191,1
19886,219,4
27018,231,4
9276,212,4
1638,11,3
33746,44,1
31897,12,2
49362,248,2
5543,236,3
39653,267,3
19892,199,2
37161,163,1
24831,12,1
39584,195,2
45,240,5
29268,208,3
30602,111,5
44397,84,3
26816,73,1
10795,63,3
28763,173,2
32556,5,4
6875,139,3
44417,72,1
14226,251,3
21069,105,5
22213,296,5
14010,173,1
23391,67,1
32177,153,1
16037,213,2
48474,80,4
4745,235,3
41317,56,5
18107,43,5
7983,184,1
1179,56,2
5957,47,2
40995,148,3
49606,165,5
33306,219,3
34156,177,4
49378,13,4
21142,28,5
3978,125,2
49267,181,4
7972,144,5
38316,91,5
10975,80,2
5472,209,1
20471,297,1
17075,280,1
46448,113,3
47023,69,3
42841,109,1
29842,41,5
11993,41,5
42733,40,3
19319,131,4
45842,68,5
32822,268,4
2676,201,2
48611,61,3
6358,176,3
11084,231,1
10953,84,5
3907,255,5
26265,97,5
23662,227,2
44764,235,3
5048,23,3
8266,75,3
39705,289,1
10840,92,4
897,229,2
47590,27,2
45662,228,3
3062,72,3
19880,181,5
46960,7,5
44929,135,4
34099,292,3
13445,89,1
16021,60,3
43238,237,5
20945,51,1
39733,193,5
629,165,2
20229,184,5
25042,23,3
17665,40,1
29324,199,3
24354,32,5
30226,85,2
21019,121,3
28535,208,5
40217,265,1
49124,201,1
624,227,3
17730,12,2
28796,216,3
35888,140,5
12244,236,2
46568,293,3
772,289,4
16551,168,4
5652,145,5
47268,224,1
21424,257,3
37445,1,2
47614,179,3
2960,211,3
6815,115,4
5039,67,3
15528,77,1
11321,251,4
29320,275,5
27831,89,4
49064,289,1
42834,227,1
440,23,1
35750,23,5
27396,233,3
5400,177,5
21952,11,4
22323,20,1
33835,5,2
11453,57,4
37373,252,1
40751,203,1
29771,265,5
4399,56,5
38921,295,3
29370,263,2
13086,223,5
25787,153,3
20305,12,4
511,193,5
49489,140,4
893,135,2
20727,119,1
20191,32,2
33311,99,3
1432,61,5
741,147,2
39172,239,4
18893,117,2
35350,156,3
45467,131,2
14806,151,3
36999,27,4
28792,191,2
20786,49,2
17448,24,3
12475,160,5
30064,253,5
27007,81,1
20501,84,1
45002,9,5
5419,13,4
47812,80,4
31670,204,3
5055,196,2
24532,112,2
12805,113,3
42103,196,1
24978,251,4
25665,79,1
9094,43,2
15052,97,4
31333,275,1
32935,47,2
41557,207,2
11913,215,3
33887,233,3
42865,141,4
9216,147,2
49975,147,3
3788,16,4
16043,207,4
36147,67,3
44542,199,4
23411,223,2
41364,49,3
31433,151,2
19267,80,5
30934,152,1
2947,108,1
22298,147,2
45867,140,4
9008,173,4
24451,137,4
47301,208,2
34371,84,4
28149,207,2
17688,51,1
16713,271,1
26554,189,3
35138,215,5
41949,133,5
40050,67,4
9453,36,2
47519,267,5
25950,43,1
20506,175,3
13042,209,4
29806,279,4
29313,13,1
22464,67,1
37633,249,4
737,125,2
22807,9,2
24990,80,4
20487,195,1
10371,1,1
47069,191,2
21367,133,3
8473,217,5
40472,116,3
4174,187,1
32674,69,5
8645,185,1
8509,49,3
42971,260,1
9065,212,3
30507,177,2
35344,273,4
41888,49,3
18101,64,4
10294,216,1
39237,288,1
22984,129,5
5083,77,4
33356,272,1
1522,71,4
43036,49,3
11471,255,5
30200,67,4
13273,149,5
36222,281,5
41898,68,2
26653,60,2
10295,216,1
13393,73,1
31791,49,1
41092,280,2
216,17,2
20063,295,2
34112,127,4
34804,207,1
28890,281,3
25381,109,2
5721,17,3
15364,292,1
49868,256,3
8981,57,5
31708,127,3
30945,151,4
46809,84,4
28713,17,4
32351,132,2
29730,65,4
34623,203,1
22938,115,3
37284,233,5
2481,60,1
6327,240,1
25565,159,3
14438,73,4
22506,185,4
25583,244,3
4852,15,2
23061,131,3
39356,127,5
3902,3,3
42532,123,5
46142,53,5
26230,60,1
38624,21,2
38263,115,2
17204,201,1
12278,199,5
32143,131,4
19862,29,4
39690,300,5
48816,209,1
2915,3,1
43147,173,5
6774,213,3
45516,183,5
19769,203,1
11410,216,2
9699,81,1
15119,255,1
10810,157,5
18902,279,4
28694,116,4
18896,92,1
37737,24,4
42440,103,1
17833,31,1
40233,9,2
40803,47,2
39885,112,2
5731,195,5
15181,77,1
37708,139,1
20724,85,1
42272,59,1
32303,37,5
36868,36,4
12048,189,5
23560,93,5
31936,285,5
47180,4,5
8271,173,5
32332,5,4
16852,151,3
46706,267,1
39799,276,4
13261,127,4
12587,172,5
6423,256,2
525,209,2
45405,247,3
19218,93,2
25259,24,3
14350,155,5
41216,92,1
36135,165,3
27550,147,5
46215,32,4
38172,277,3
5074,196,3
47265,168,3
4562,239,5
39045,39,1
23956,91,3
18427,109,3
2229,221,5
41212,189,2
39645,180,5
40451,92,4
31311,221,4
19332,224,5
27951,107,1
31672,127,2
30136,199,1
34276,295,1
18421,133,5
35370,299,5
35178,152,1
28736,69,3
39874,229,1
16207,280,1
45400,47,4
9448,261,1
27513,140,2
8478,44,1
25015,180,3
31597,53,4
49571,227,1
35189,88,5
36958,123,2
34565,187,1
4968,75,2
5692,131,2
24922,181,3
26324,97,3
46210,231,1
21431,149,5
26300,183,2
40297,213,3
18206,148,3
32779,291,2
32360,187,4
21546,31,3
20280,53,1
40718,84,5
46585,176,2
3629,76,1
38125,212,4
15162,141,2
1392,55,1
49149,193,3
35587,8,2
23531,85,2
10744,180,5
49473,197,1
4134,4,1
3468,57,4
3757,125,4
10667,223,1
27258,41,5
30844,183,3
7599,271,5
4307,240,5
151,37,2
11579,173,1
1533,189,3
13312,79,1
9189,97,2
32899,119,1
46040,140,3
12065,129,4
14129,229,2
42434,40,5
41912,115,1
40265,156,4
22269,61,3
19055,159,1
31844,128,5
38693,143,3
20866,65,1
35020,135,3
41672,59,1
48098,268,2
14439,132,2
39435,187,5
22701,36,1
4447,32,5
29875,171,1
31028,295,4
16938,136,1
10478,208,1
38553,277,5
1894,220,2
24106,199,1
3915,195,4
30516,27,3
7317,39,2
3820,201,5
4573,160,2
47213,288,1
38783,28,3
38206,127,2
40823,291,3
44065,192,4
39255,297,1
41566,201,2
2372,180,2
15903,128,3
28218,47,5
6090,89,3
21186,109,1
15581,224,3
25208,289,1
31418,129,4
11797,232,2
11491,136,2
23827,75,3
22818,151,1
43304,249,5
2639,169,3
11597,261,5
21678,51,5
14634,275,4
40060,129,4
38730,37,1
34967,236,2
37184,45,2
22720,135,3
15369,299,5
22641,67,5
9064,179,2
16238,43,1
18774,73,1
20371,77,5
11798,80,2
15408,107,4
13374,245,3
33783,5,4
2036,83,1
16257,137,3
28330,267,3
23640,200,1
19112,157,4
20845,253,2
47388,68,4
20068,208,3
42759,84,2
5735,87,2
30403,197,3
23280,29,1
44805,285,1
38262,281,4
14435,255,4
45946,249,5
33778,256,1
14360,99,4
36333,145,1
48387,249,2
14803,40,2
26592,3,2
29563,179,2
24706,217,2
7996,185,2
7318,284,3
45530,276,2
12465,203,5
18791,277,2
49830,299,1
16949,179,5
43700,151,4
39206,239,2
45293,227,1
25867,235,5
1621,127,5
41719,207,4
13650,135,1
34482,175,4
16801,260,4
2442,275,3
38654,233,1
41661,83,5
1182,281,1
43401,55,1
31643,157,4
36029,240,5
32759,220,5
45118,53,5
17384,36,1
22262,21,3
15083,144,3
34806,131,5
34546,149,4
43202,173,1
2809,169,5
10729,276,1
46413,261,1
44855,204,2
42660,19,5
906,93,5
39798,145,4
6541,279,2
27140,83,5
47616,95,2
16625,197,2
20139,185,2
26822,120,5
28063,76,3
21742,231,2
33296,165,5
21492,251,4
24597,3,3
7115,193,1
1520,37,3
42504,64,5
37003,209,5
19082,93,1
6424,84,3
43020,61,5
19726,27,5
2568,15,5
19222,272,4
37447,195,3
37455,227,2
24102,243,5
16858,59,4
39912,217,2
31270,207,5
20882,12,2
47794,40,4
46847,263,5
25066,276,5
43936,203,1
39019,109,5
32946,175,1
41111,53,5
16134,89,3
17234,39,4
5598,105,1
41248,167,1
23137,249,4
39696,107,3
21918,167,1
24894,63,1
29530,8,2
20574,227,3
32228,155,3
4798,189,3
21112,36,3
28224,85,4
44233,44,1
22903,200,1
35879,167,2
22791,277,3
6458,180,2
41934,29,3
35859,25,1
27377,180,2
46679,12,1
22596,257,3
35784,197,2
26009,77,1
37189,164,3
15476,207,1
24282,113,3
33934,139,2
32377,77,1
18415,44,2
19545,235,2
2095,205,2
14772,125,1
5753,48,3
5999,249,4
44066,199,5
45589,92,2
31811,65,2
43432,201,2
21203,277,4
29437,272,4
13531,227,1
24906,147,3
3815,69,2
15593,136,1
3926,229,3
10998,13,1
47882,231,2
41359,272,1
27235,12,2
19737,108,5
43219,45,4
5534,272,1
23005,289,2
24368,201,5
26282,271,3
5221,155,5
11362,33,4
7404,211,3
42571,197,5
16110,57,2
458,124,3
4145,52,5
41508,95,2
8189,121,5
45221,111,5
40372,108,1
39163,127,3
39723,33,3
46765,21,5
16765,41,5
48188,27,2
45935,225,1
31892,180,5
19344,208,2
3497,76,1
32197,220,1
9803,8,4
11449,236,3
34046,244,1
12570,39,4
8392,141,3
41273,259,4
8881,68,5
49978,207,4
33542,51,5
24749,240,3
28672,197,4
30179,16,3
17323,33,4
11250,148,3
44070,127,3
8584,293,4
38865,279,3
45468,160,2
47536,287,2
41615,172,5
15833,248,2
35991,293,1
26644,299,4
31279,137,4
356,256,1
37058,135,4
18994,152,1
17321,231,4
16258,71,4
35032,213,5
2841,245,1
3146,273,5
1263,269,1
4787,299,3
20686,212,3
16865,171,4
29819,111,4
12717,253,1
11564,11,1
9820,49,5
49676,268,1
48522,67,5
5707,89,4
12849,160,2
19705,24,4
12614,269,4
13235,3,5
34341,236,1
7978,293,1
33749,291,1
45933,297,5
2840,56,2
19843,141,4
17935,47,5
3670,256,1
17547,261,1
34783,37,4
10460,183,5
16859,73,2
18821,33,3
49723,232,3
8492,100,5
6230,81,4
1085,55,5
1285,53,1
1557,207,2
26103,101,5
41070,139,2
21510,252,3
15616,80,1
3591,56,5
48943,3,1
24663,200,1
14066,179,3
49125,251,4
43618,185,4
7440,121,5
24378,248,2
44321,168,2
13478,77,1
47546,180,4
24622,85,2
43863,60,2
18209,119,2
2359,251,2
47101,189,1
15880,149,1
34010,97,4
44697,120,2
24170,29,2
18198,256,2
37507,169,2
26946,141,4
48344,75,2
5230,117,3
41921,20,1
33078,56,2
40245,31,3
7970,225,2
24245,117,1
6068,1,1
18088,252,1
42008,235,1
37255,292,4
7520,175,3
36148,83,3
6006,8,5
34700,273,2
42040,83,3
39941,225,1
38542,121,3
1724,208,1
31315,32,4
19522,297,1
3598,153,5
5532,285,5
29936,195,4
7505,144,5
42512,105,3
42033,288,1
20047,212,1
22201,268,4
25513,109,5
20287,97,2
47281,105,3
854,24,4
34199,116,2
4860,196,1
6480,264,3
21446,43,5
17239,195,3
7862,195,4
29317,104,3
621,271,4
43038,157,2
38576,209,2
37611,277,2
20299,175,3
12962,27,4
14572,41,2
5027,235,1
36112,95,4
11594,240,4
45204,212,3
20018,43,4
42723,203,5
3842,225,1
49827,299,4
12376,221,3
16299,121,2
11120,85,3
45001,56,3
36568,229,2
28924,23,5
5927,129,3
29372,15,4
22061,280,2
31895,7,5
43411,199,1
21305,272,3
26705,59,1
20923,77,4
14403,247,2
47245,84,3
25869,148,2
37916,208,1
25411,204,5
11242,11,4
15059,76,2
1141,140,1
44254,248,4
14709,269,3
5701,8,5
21390,160,5
19764,101,4
33793,289,2
5955,96,5
7216,231,1
10859,247,4
35412,185,1
9000,261,1
17843,191,3
30497,101,2
49101,137,3
3849,88,3
45315,269,2
27118,69,1
35215,173,2
29118,145,5
29528,4,2
24312,52,3
7694,23,5
28467,199,3
29240,116,1
22274,4,3
1851,143,1
8000,123,4
40527,259,4
27364,13,2
22568,153,3
38969,252,4
25854,284,3
49980,205,2
36514,115,2
22481,112,2
31063,36,3
27534,99,5
18685,135,5
23004,104,5
44977,176,4
47191,217,5
20998,155,2
15303,219,1
27154,175,3
9387,103,1
2926,284,3
23327,240,5
29172,181,3
42074,232,2
20521,45,5
37126,79,5
42828,225,1
37251,148,4
36802,203,4
43540,108,2
41868,31,3
17011,235,5
46844,196,2
23427,69,3
40225,277,1
9848,183,5
7313,247,5
6160,201,4
39914,191,3
29547,275,1
33280,205,1
44568,29,3
12125,267,2
21439,236,1
4351,25,4
21484,220,3
21730,160,1
18117,259,3
48145,77,3
3356,100,4
46420,183,4
43041,219,4
48360,219,1
9677,39,3
157,116,3
16319,64,1
22377,181,5
20276,11,3
40855,164,4
13166,173,2
34057,237,5
9218,281,1
39995,93,1
37275,243,2
26687,120,5
34008,115,5
28111,125,3
616,20,3
14904,101,5
12980,72,2
31574,92,1
39230,297,1
5066,111,4
43222,169,4
8308,120,2
47429,145,3
46830,263,4
8635,99,2
5263,115,4
19470,247,2
11733,255,2
13683,284,4
13713,289,2
26608,33,2
40179,275,5
3040,21,5
37554,125,5
14050,279,3
15576,41,3
31666,285,2
41234,155,4
1854,203,2
30306,29,3
30028,5,2
41748,137,3
24903,147,1
25390,185,4
48954,93,3
16261,141,2
33513,176,1
23599,212,5
8115,64,3
35911,200,3
14756,9,5
32458,33,1
23224,161,2
29700,163,5
30901,212,2
8824,67,2
34062,212,2
38849,252,1
22749,140,1
40549,3,5
49853,216,4
22301,19,5
44550,75,2
25110,139,4
23189,247,5
42023,25,2
33275,103,1
36350,96,2
17296,55,5
43818,224,5
28604,264,5
6317,185,5
4680,52,4
9638,288,1
40453,77,5
36349,280,2
2927,245,5
10569,269,2
33329,49,1
46328,117,2
35803,296,5
39325,53,5
11039,289,3
46630,156,2
22226,219,2
43827,16,4
1558,109,5
14045,88,4
37520,76,5
42517,205,2
22062,212,3
7113,19,5
15429,189,1
27054,68,2
10959,92,2
12151,32,2
30,195,5
40878,104,4
22928,36,1
33622,53,2
9207,97,4
9696,185,4
43586,231,1
7287,7,2
29525,92,3
1188,72,4
31285,161,4
12556,91,2
7474,61,3
6710,73,3
4983,219,4
20649,43,4
7710,19,1
32119,163,1
19877,175,4
45194,295,1
23019,7,3
33753,109,1
22696,221,2
33271,105,1
38323,55,1
31902,99,4
25868,68,2
42032,292,2
2973,181,2
32771,183,1
37691,288,2
26473,117,5
46425,168,3
20346,99,1
29964,12,1
23648,163,1
20791,285,4
14623,217,2
5381,67,3
3751,125,5
26329,236,2
41246,205,4
2542,184,2
3524,225,4
46271,49,2
4881,197,5
41881,213,3
43705,241,1
46268,180,1
10227,269,3
32227,176,5
48328,287,4
7562,172,3
36896,116,3
11225,165,3
42897,163,5
17506,44,3
37109,293,4
42985,297,3
9816,272,3
11705,272,5
6143,27,3
30285,64,5
24061,197,2
40236,193,1
11711,267,1
8346,172,4
13483,47,4
37282,123,2
37957,227,5
14070,187,1
48159,161,5
14679,153,4
2374,299,5
48346,165,3
22228,176,5
24454,61,1
1669,124,1
10872,249,2
30672,124,2
37764,195,3
33514,107,2
43831,145,2
12664,71,3
23672,108,5
693,57,2
16181,240,2
6772,229,1
32916,180,2
8623,31,1
25765,177,5
17201,124,1
14011,288,2
44777,296,1
10367,104,1
44472,76,1
10073,105,5
42639,292,5
44484,135,1
31793,224,4
30242,231,1
33085,283,2
34920,137,3
38932,88,2
26606,173,5
16523,281,1
48635,145,5
14648,15,1
33805,289,5
30592,156,1
29954,247,5
15659,147,3
42474,9,1
49196,243,5
25167,36,5
46646,151,1
12562,112,4
27810,144,4
11131,200,3
49323,77,4
1450,121,2
25176,295,4
25301,179,5
29938,88,3
36072,1,4
33119,51,2
35216,185,5
3715,136,1
30313,91,3
37386,249,3
8456,113,4
47808,288,3
41677,160,4
15637,83,4
30078,137,3
26395,40,2
46204,296,1
32401,245,1
38497,161,5
24497,259,1
12180,92,1
43461,112,3
4057,211,1
19802,180,4
10790,229,3
23306,192,1
43339,289,4
2335,221,1
13365,204,4
6038,207,4
1207,89,5
12103,153,1
14209,276,3
6982,172,2
1532,27,3
23279,156,5
17295,23,1
41499,5,2
46549,264,5
3270,43,1
10629,284,4
5294,31,4
34283,119,3
35935,51,1
1100,256,3
10480,183,2
24040,189,5
9242,56,3
14526,36,5
28265,187,2
32579,72,2
11215,57,1
5626,299,4
29358,229,3
13918,156,5
47703,263,3
43971,79,2
37575,215,2
32977,7,3
45618,44,5
24111,4,3
14179,20,4
21094,235,4
31365,233,2
27695,111,1
11228,151,2
4661,39,2
17220,163,4
10269,212,1
4252,189,2
20544,171,3
39175,5,1
21732,36,1
24961,155,1
23171,156,5
26223,299,2
5445,248,3
43895,269,5
36180,116,5
29508,271,2
32446,261,1
24654,11,3
40739,285,2
24985,185,5
4846,127,5
19861,139,2
22958,171,2
7174,51,2
14571,275,1
30134,133,3
42048,40,1
14326,181,4
4592,31,4
9280,215,3
5287,180,2
42061,271,5
6788,216,1
29619,108,4
36997,139,2
28133,137,1
47043,223,3
34188,244,5
28995,141,3
21724,213,4
26953,209,1
36253,297,4
47871,228,4
48496,228,5
48428,281,5
46116,160,1
21533,63,3
18056,93,2
39808,272,1
22764,244,4
44744,259,2
41370,72,3
27974,104,2
5323,151,4
16653,35,4
46849,223,2
42003,44,3
14168,237,2
46258,33,2
35282,105,5
31839,31,2
35134,83,5
10821,296,5
12452,232,2
36378,133,1
15518,169,4
25861,115,3
320,280,2
20056,123,2
17033,229,3
12786,152,5
48576,164,1
45817,131,5
41166,284,2
32509,192,3
24573,7,1
29373,60,2
10539,200,2
36821,99,2
31827,177,2
46846,205,4
5912,140,4
36172,296,5
47179,92,3
9194,159,2
24727,92,2
23924,25,4
47004,80,4
20572,92,4
46446,108,2
38529,76,4
2203,56,3
13569,111,5
1303,113,4
31759,279,3
24878,275,1
35085,33,2
40495,240,2
23784,212,4
6980,33,5
37299,191,5
24096,196,4
32478,128,1
12124,288,4
28337,108,4
37536,132,2
7439,213,1
45183,123,4
30872,76,5
28905,156,5
5855,48,4
35109,284,5
39814,155,4
27441,7,5
17042,175,4
7594,44,3
8001,71,5
31727,105,5
44957,88,5
38168,244,1
37313,244,1
16142,193,4
35121,260,2
19216,232,1
21584,3,2
13672,296,4
15719,43,2
9075,292,4
6180,283,2
42020,163,5
18960,208,2
38772,229,1
29579,171,3
34613,269,2
21411,276,1
33576,296,5
2610,140,1
43144,57,3
5655,25,3
2565,128,4
34401,132,5
42451,73,1
20640,204,4
33797,247,1
47693,107,2
25243,88,2
29860,231,5
13298,93,2
49201,192,3
9611,15,5
19532,41,1
29606,215,1
49699,17,1
40555,99,3
32939,155,1
10862,33,1
38664,189,5
10800,141,5
4209,116,4
19401,12,4
28568,44,4
32639,259,3
45171,253,5
12884,264,3
279,265,2
5211,169,4
5589,299,1
19086,247,4
8640,219,4
33607,108,5
46922,256,5
23434,225,1
21778,253,1
8979,69,1
46654,143,3
25741,281,2
27989,52,3
21136,167,5
27778,167,2
4098,80,3
21556,11,4
49424,21,1
25681,253,3
46168,240,3
26690,7,1
44015,79,5
134,52,4
18277,221,1
39714,80,2
37439,184,1
49567,88,2
21561,260,1
19232,232,5
1492,201,4
9516,269,1
22487,109,3
16415,275,1
14241,147,3
13305,107,1
43537,128,2
45095,99,5
39248,5,2
2987,145,5
17026,287,2
40697,177,4
4579,1,3
34237,27,1
1570,193,4
15341,136,4
43613,252,2
48733,205,5
15326,221,2
19578,237,5
48642,109,1
42657,207,4
11906,44,3
41274,269,1
47875,29,1
13583,143,4
40793,236,5
36256,153,1
130,291,3
25467,105,1
1567,200,2
11383,216,4
29659,268,2
32270,192,3
3256,27,2
33558,260,1
16018,281,3
32683,157,5
39449,109,2
17003,31,1
27143,163,4
9087,147,5
4754,41,5
36552,289,3
22832,264,5
6545,272,5
2054,277,1
38665,71,5
41318,135,2
8634,217,1
3518,177,5
46589,300,5
36694,255,1
15114,119,1
8789,31,2
38200,191,1
37271,192,5
49711,156,4
4684,192,3
5487,147,2
21187,215,2
3373,41,4
45944,135,4
30155,16,5
502,208,4
32026,169,5
12843,203,2
30397,219,3
27374,75,4
11980,289,4
36425,289,2
29845,269,3
881,45,1
46795,225,1
11411,165,4
22617,79,4
47444,281,2
5008,100,4
41801,236,2
27310,163,1
1514,19,5
10415,148,2
1275,197,2
27333,267,5
45843,115,4
5140,45,3
1816,271,1
19374,187,3
35086,169,2
42165,72,3
27035,211,3
8823,167,4
48290,199,5
27875,232,1
204,288,2
8291,189,5
36376,253,2
46179,101,1
43764,241,2
24139,248,1
41514,172,5
32209,57,2
8819,216,1
34215,271,5
34619,136,2
33643,11,4
41226,248,2
46733,227,1
31900,224,4
26224,136,5
36938,203,3
42515,29,2
24322,264,2
29729,45,3
36590,151,2
45036,259,4
22733,192,4
40271,300,1
28522,139,3
37488,199,4
24483,167,5
6337,204,5
18305,228,4
9495,83,5
21285,299,5
44989,204,4
43188,75,3
28069,212,4
4927,233,2
15652,127,2
7098,131,2
23124,59,3
12045,85,4
976,71,3
19176,280,1
10,245,1
29653,3,1
5895,272,1
48070,151,3
14232,9,2
22848,167,1
49607,75,1
25415,105,4
6638,235,1
4031,101,5
38636,67,3
4077,243,1
30432,267,5
12250,287,1
5135,143,5
30277,8,4
7349,5,1
40053,107,3
46473,215,4
31064,116,2
10963,217,4
46618,221,5
8686,123,2
32376,200,3
13373,268,3
32499,133,5
42236,280,3
42659,269,4
41698,116,1
39756,167,4
33106,241,2
12355,93,4
28969,143,3
9417,275,5
23413,5,1
16454,296,5
12897,179,1
36724,5,5
20199,209,5
32653,260,5
35236,49,5
29562,251,4
7716,272,3
31226,32,1
39161,15,3
6246,57,5
622,129,5
11490,120,2
4027,255,3
30490,41,3
31929,59,1
38214,261,5
22474,231,4
11330,168,5
29825,47,5
35310,3,5
4826,240,4
41205,141,4
39545,276,5
24826,51,2
38897,251,5
1422,91,2
33687,219,1
19591,92,5
13295,229,1
33704,80,2
34527,132,5
27146,215,5
3010,300,5
37500,236,4
15710,169,1
20261,260,4
582,136,4
46778,249,3
6356,100,5
32776,236,4
37856,109,5
46102,187,4
18189,43,2
833,47,5
42159,49,1
31634,253,1
44051,260,3
11356,199,1
9246,149,1
21820,195,3
13580,233,5
9313,75,1
4729,276,2
19285,119,3
39507,208,3
36749,207,3
5711,161,3
49178,211,1
47333,267,1
2369,100,5
3155,17,1
31735,87,4
11749,103,4
32665,61,2
22231,148,2
43351,260,4
42582,240,4
36171,112,4
21817,243,4
36049,168,1
25634,233,3
2255,173,4
25700,36,2
12568,264,3
16894,275,1
37887,225,2
35062,39,3
44661,112,3
37285,36,4
40904,7,3
20469,192,2
34307,169,2
34762,283,2
35717,161,4
24856,180,2
33312,271,2
3580,213,4
31969,171,4
30786,105,2
31291,95,1
3044,248,5
21154,299,3
6527,103,2
37074,300,5
3805,1,3
53,287,4
31734,293,4
20843,49,1
21539,195,4
10328,251,5
42664,87,4
21570,123,4
17231,208,1
10321,229,3
39006,7,5
34153,152,1
17507,11,3
38515,203,5
2252,76,3
47440,268,2
39515,264,4
14869,223,1
48008,101,1
4894,8,2
15000,199,4
28714,123,1
34848,83,1
4181,223,3
5511,99,5
3688,31,5
44271,193,5
6145,132,3
2678,252,5
24472,181,3
42046,92,4
21388,295,4
47306,293,4
22936,104,1
26680,259,3
48120,228,1
46222,64,1
9192,149,4
36650,61,3
21190,236,2
31778,23,4
49682,125,2
49336,263,2
9882,152,3
44451,32,5
13803,40,2
19634,227,5
5108,23,3
13561,300,1
41295,101,3
46945,101,5
34119,289,3
41738,39,3
28806,113,5
4210,65,2
26044,255,4
19820,79,1
30949,187,5
8206,275,3
40247,113,5
48067,165,1
8533,56,1
28811,277,5
8209,79,1
29403,227,4
16896,60,3
10136,267,5
26301,117,3
5120,148,3
14344,93,5
9649,49,3
707,108,3
21581,253,1
33361,67,3
45185,200,3
30027,127,3
2048,180,1
20842,143,3
23995,181,4
5978,149,2
23202,155,1
44620,33,3
26453,160,4
32968,161,4
46416,57,4
24909,60,5
14769,143,2
45827,8,5
5482,107,3
48845,228,4
34211,299,2
47954,20,4
16253,227,1
25160,37,1
15135,107,5
1694,44,1
15235,48,5
12536,200,5
13645,147,2
35222,67,5
6044,187,2
18769,67,2
15113,77,2
39108,212,2
34419,289,1
35447,273,5
16636,291,1
11808,87,2
35655,80,2
18804,208,3
43210,216,5
10315,251,4
38745,128,1
18889,297,3
12956,253,4
30260,29,4
19166,87,5
31947,96,1
8691,65,2
30784,185,1
97,45,4
29283,25,2
41829,120,3
19400,169,4
22042,200,2
23724,72,2
45049,17,4
48094,27,1
4565,188,2
25049,67,4
16692,173,3
35096,124,1
30270,5,3
3613,131,2
24284,204,3
32215,111,3
10090,113,2
28140,229,1
23804,115,3
42568,132,4
40809,207,5
12200,71,2
46548,240,4
26795,87,5
22817,84,5
45314,167,4
22297,95,5
35789,296,3
7126,71,1
39464,32,1
17784,36,3
43307,289,5
42720,77,4
16496,12,1
9505,41,4
28716,220,1
24386,24,5
16603,89,1
24538,25,1
25767,287,2
27918,183,5
35177,203,4
47165,191,5
48703,231,3
18490,247,2
23679,115,1
36178,205,4
16629,243,5
47442,51,3
7776,89,3
12209,257,1
49286,197,1
13942,213,3
24915,124,1
36612,249,2
39437,16,5
9264,11,5
45705,185,2
16380,136,2
15158,284,3
26700,208,3
33247,16,4
17145,255,5
31481,44,5
16302,247,2
24268,288,4
28137,192,5
42667,77,5
864,268,2
21648,24,3
45424,209,3
4528,36,5
46332,76,1
18648,29,2
7328,288,3
15612,103,4
24115,21,3
10643,109,2
38663,285,1
5817,107,3
7414,87,5
25341,96,5
26958,259,2
12217,237,2
18603,177,4
28504,228,5
1536,131,2
38937,267,5
29927,253,2
47926,171,2
4238,7,3
9582,291,3
45188,179,2
43927,49,3
25366,189,4
10313,9,1
12899,267,5
14359,203,3
2101,80,1
42014,224,3
42895,252,3
32375,92,3
47391,116,1
18044,244,1
5700,137,1
140,224,3
6782,36,2
32768,283,2
21423,53,1
33210,200,1
27767,300,2
45775,11,3
44071,201,5
32519,99,5
44478,275,4
21989,161,4
13916,80,5
38498,279,1
21080,252,4
2555,245,2
26392,136,3
22522,119,3
16250,92,2
32110,99,1
29627,139,1
7463,256,4
40705,180,2
8550,27,1
35866,223,4
30987,105,2
18617,163,2
277,157,1
42396,132,1
32178,97,3
3310,288,5
49543,228,4
5218,236,1
26704,156,4
41548,40,3
13731,92,2
2402,239,3
16296,132,5
29523,28,5
36949,223,1
27240,161,4
29447,157,5
29670,83,3
3242,67,4
1089,193,5
33993,213,5
28690,151,4
48107,13,4
41221,51,5
8386,200,1
17728,249,3
29124,192,1
7153,104,5
40791,156,3
36699,235,3
18202,65,1
27605,64,3
12396,31,1
30656,204,5
11693,173,2
25988,263,4
49220,57,1
42668,88,1
45701,67,4
37051,73,3
291,277,1
274,149,5
44313,61,2
24644,173,2
25480,285,4
33792,96,5
18079,131,4
25887,59,3
18589,48,2
19739,213,4
28832,193,5
36901,264,2
35480,129,2
11289,47,4
14535,232,5
10064,289,4
29350,97,4
32283,64,5
42333,89,1
3473,279,5
27076,195,1
2127,209,3
24873,171,4
17046,167,1
6100,291,4
30826,239,3
41001,7,5
10322,63,5
26915,9,2
29383,188,3
12652,67,5
2711,281,2
20409,164,3
17346,36,5
47321,205,4
2253,212,3
10802,208,3
41298,119,5
4856,100,3
9365,257,5
34803,135,5
36564,175,5
10591,292,3
11645,183,3
16614,171,5
41044,207,3
15407,100,4
14174,139,5
23210,128,2
11575,16,5
19932,73,2
7744,288,3
33990,191,3
22659,9,4
29800,221,3
48301,292,1
43810,245,3
15598,240,3
14444,131,4
44240,288,5
20565,45,4
42039,99,1
5434,217,2
4115,184,5
6854,212,5
29937,277,1
38304,84,3
27294,145,1
46991,111,3
39635,16,1
35827,291,5
32341,53,2
29897,4,2
1385,177,2
34652,179,2
31110,77,5
29869,36,2
25525,15,2
19886,244,1
27018,7,1
9276,103,2
1638,105,4
33746,223,1
31897,165,3
49362,7,5
5543,73,4
39653,213,2
19892,281,5
37161,152,4
24831,264,1
39584,159,4
45,200,5
29268,297,1
30602,284,4
44397,245,3
26816,11,1
10795,251,4
28763,80,5
32556,148,5
6875,159,2
44417,284,2
14226,217,4
21069,104,1
22213,120,3
14010,96,2
23391,143,5
32177,263,2
16037,80,3
48474,131,2
4745,51,5
41317,236,1
18107,59,5
7983,3,2
1179,137,1
5957,295,1
40995,97,5
49606,248,1
33306,255,1
34156,293,1
49378,199,2
21142,265,3
3978,292,1
49267,188,3
7972,245,2
38316,297,2
10975,272,1
5472,221,3
20471,225,1
17075,83,3
46448,224,4
47023,216,5
42841,297,5
29842,36,5
11993,139,1
42733,143,1
19319,261,2
45842,188,2
32822,52,4
2676,269,2
48611,113,2
6358,248,2
11084,271,3
10953,7,1
3907,23,1
26265,211,2
23662,221,2
44764,249,5
5048,20,4
8266,187,3
39705,47,2
10840,100,5
897,187,1
47590,23,3
45662,255,3
3062,252,4
19880,109,4
46960,5,5
44929,72,4
34099,104,2
13445,43,5
16021,35,2
43238,215,3
20945,31,1
39733,215,2
629,140,5
20229,35,4
25042,255,2
17665,268,3
29324,252,5
24354,116,2
30226,208,4
21019,83,4
28535,208,4
40217,279,5
49124,211,3
624,87,1
17730,111,2
28796,176,1
35888,165,1
12244,7,3
46568,193,3
772,232,5
16551,261,3
5652,239,1
47268,197,1
21424,11,2
37445,93,5
47614,204,2
2960,128,5
6815,180,3
5039,180,1
15528,136,5
11321,107,2
29320,52,5
27831,193,5
49064,279,4
42834,73,2
440,117,5
35750,219,3
27396,67,4
5400,112,2
21952,83,4
22323,124,4
33835,164,4
11453,128,3
37373,33,1
40751,121,3
29771,116,4
4399,251,1
38921,95,3
29370,228,3
13086,60,5
25787,247,4
20305,225,4
511,204,3
49489,20,1
893,173,5
20727,13,5
20191,231,4
33311,89,5
1432,237,5
741,87,1
39172,216,2
18893,147,2
35350,293,4
45467,223,3
14806,143,4
36999,24,3
28792,51,3
20786,20,3
17448,155,4
12475,16,3
30064,44,2
27007,224,5
20501,271,4
45002,87,4
5419,25,3
47812,253,1
31670,87,2
5055,133,3
24532,199,4
12805,11,4
42103,165,4
24978,20,2
25665,259,5
9094,288,5
15052,71,3
31333,61,2
32935,147,1
41557,141,2
11913,53,5
33887,244,5
42865,268,4
9216,93,3
49975,100,5
3788,68,5
16043,280,4
36147,224,3
44542,233,2
23411,295,2
41364,155,4
31433,295,1
19267,52,4
30934,217,4
2947,291,4
22298,25,5
45867,193,2
9008,171,2
24451,173,4
47301,255,3
34371,141,4
28149,180,4
17688,145,4
16713,121,3
26554,163,2
35138,12,3
41949,92,3
40050,239,3
9453,187,1
47519,115,5
25950,36,5
20506,299,4
13042,91,5
29806,293,5
29313,245,1
22464,176,3
37633,180,3
737,29,3
22807,3,5
24990,235,3
20487,297,4
10371,55,3
47069,248,1
21367,59,1
8473,221,2
40472,201,3
4174,263,3
32674,55,1
8645,11,1
8509,36,3
42971,200,3
9065,109,5
30507,169,1
35344,125,2
41888,260,4
18101,68,5
10294,39,1
39237,127,3
22984,53,5
5083,8,1
33356,269,4
1522,115,5
43036,177,5
11471,168,5
30200,180,1
13273,16,5
36222,135,5
41898,11,2
26653,63,5
10295,108,5
13393,112,3
31791,299,1
41092,112,3
216,36,5
20063,124,5
34112,73,5
34804,197,1
28890,297,3
25381,267,2
5721,45,2
15364,280,2
49868,249,4
8981,63,5
31708,57,3
30945,296,4
46809,224,5
28713,176,5
32351,244,4
29730,185,5
34623,187,5
22938,128,1
37284,165,3
2481,177,3
6327,141,2
25565,155,1
14438,65,1
22506,148,1
25583,159,5
4852,112,3
23061,39,4
39356,17,5
3902,93,3
42532,133,4
46142,76,5
26230,165,1
38624,147,3
38263,173,3
17204,291,3
12278,87,4
32143,164,1
19862,237,1
39690,72,3
48816,99,2
2915,59,5
43147,277,5
6774,252,5
45516,137,5
19769,297,3
11410,196,4
9699,161,3
15119,171,5
10810,247,1
18902,189,2
28694,95,4
18896,240,2
37737,97,3
42440,289,1
17833,232,2
40233,264,2
40803,185,2
39885,180,1
5731,111,1
15181,168,3
37708,275,4
20724,249,5
42272,52,3
32303,259,2
36868,151,3
12048,216,2
23560,80,4
31936,39,5
47180,167,1
8271,211,4
32332,132,5
16852,188,2
46706,291,1
39799,269,4
13261,235,5
12587,115,1
6423,69,2
525,245,3
45405,255,2
19218,127,4
25259,243,3
14350,211,1
41216,75,4
36135,23,4
27550,107,3
46215,53,1
38172,157,2
5074,213,1
47265,88,1
4562,187,3
39045,217,4
23956,199,2
18427,85,5
2229,81,5
41212,224,5
39645,44,3
40451,43,3
31311,136,4
19332,1,3
27951,47,2
31672,297,4
30136,80,2
34276,219,1
18421,293,1
35370,277,3
35178,239,4
28736,45,5
39874,25,5
16207,56,4
45400,40,5
9448,109,4
27513,149,3
8478,160,2
25015,275,1
31597,29,1
49571,21,1
35189,9,3
36958,21,5
34565,91,4
4968,169,5
5692,3,2
24922,67,1
26324,232,3
46210,84,2
21431,224,3
26300,140,4
40297,43,1
18206,140,3
32779,233,1
32360,155,3
21546,120,1
20280,91,4
40718,293,2
46585,67,5
3629,53,2
38125,83,3
15162,203,3
1392,3,1
49149,172,4
35587,179,4
23531,237,5
10744,119,5
49473,216,3
4134,99,5
3468,143,2
3757,236,4
10667,211,3
27258,151,2
30844,231,1
7599,3,5
4307,169,3
151,109,5
11579,160,2
1533,197,1
13312,249,2
9189,31,5
32899,12,5
46040,87,4
12065,224,5
14129,284,1
42434,291,4
41912,169,2
40265,129,2
22269,252,3
19055,79,5
31844,15,1
38693,261,5
20866,43,4
35020,132,3
41672,64,4
48098,7,4
14439,129,4
39435,212,2
22701,59,4
4447,120,5
29875,261,3
31028,105,5
16938,153,5
10478,197,4
38553,267,3
1894,149,3
24106,116,3
3915,67,2
30516,139,4
7317,144,5
3820,171,4
4573,269,3
47213,87,4
38783,269,3
38206,184,4
40823,268,3
44065,164,5
39255,79,2
41566,261,1
2372,44,4
15903,139,1
28218,81,1
6090,160,5
21186,288,1
15581,136,5
25208,68,1
31418,149,4
11797,3,2
11491,120,1
23827,56,1
22818,9,4
43304,239,2
2639,57,2
11597,112,2
21678,256,1
14634,87,1
40060,81,3
38730,121,1
34967,207,2
37184,255,4
22720,21,5
15369,147,2
22641,177,2
9064,77,5
16238,9,2
18774,100,1
20371,45,3
11798,120,2
15408,71,1
13374,29,1
33783,72,3
2036,292,4
16257,173,2
28330,13,4
23640,7,1
19112,181,5
20845,148,2
47388,275,4
20068,299,1
42759,196,4
5735,33,3
30403,147,1
23280,123,2
44805,276,1
38262,37,1
14435,261,3
45946,161,1
33778,151,3
14360,243,4
36333,220,2
48387,57,5
14803,273,3
26592,31,1
29563,77,3
24706,116,3
7996,133,1
7318,277,3
45530,51,5
12465,279,3
18791,79,1
49830,225,3
16949,9,4
43700,68,2
39206,143,1
45293,24,2
25867,17,3
1621,76,5
41719,293,2
13650,17,5
34482,293,2
16801,131,3
2442,179,4
38654,268,3
41661,84,5
1182,127,1
43401,220,5
31643,131,4
36029,155,1
32759,161,2
45118,35,5
17384,228,4
22262,100,4
15083,237,4
34806,12,1
34546,219,3
43202,132,5
2809,48,3
10729,152,3
46413,3,1
44855,131,3
42660,240,5
906,43,4
39798,173,3
6541,133,4
27140,176,1
47616,1,2
16625,140,1
20139,119,5
26822,215,2
28063,88,4
21742,196,3
33296,159,3
21492,224,1
24597,256,5
7115,1,2
1520,77,3
42504,161,2
37003,49,3
19082,71,5
6424,53,3
43020,127,4
19726,100,1
2568,224,4
19222,35,3
37447,85,4
37455,129,5
24102,87,3
16858,195,3
39912,71,3
31270,167,2
20882,121,2
47794,128,1
46847,225,4
25066,133,3
43936,220,4
39019,129,5
32946,189,1
41111,45,2
16134,223,3
17234,144,5
5598,299,3
41248,285,5
23137,273,1
39696,61,4
21918,213,1
24894,8,3
29530,27,3
20574,263,3
32228,76,3
4798,71,3
21112,127,4
28224,165,3
44233,180,4
22903,60,4
35879,11,4
22791,67,3
6458,272,3
41934,272,2
35859,200,1
27377,64,2
46679,112,2
22596,36,5
35784,121,1
26009,52,2
37189,275,1
15476,33,2
24282,277,5
33934,237,2
32377,249,1
18415,145,1
19545,191,1
2095,51,5
14772,241,4
5753,33,3
5999,140,2
44066,217,5
45589,153,4
31811,267,5
43432,140,1
21203,137,4
29437,257,4
13531,203,5
24906,156,3
3815,119,3
15593,61,5
3926,211,3
10998,157,1
47882,81,5
41359,84,4
27235,252,1
19737,113,1
43219,160,2
5534,67,5
23005,189,3
24368,201,5
26282,224,1
5221,129,5
11362,124,5
7404,169,4
42571,176,2
16110,115,4
458,251,2
4145,3,5
41508,179,4
8189,73,3
45221,232,2
40372,276,5
39163,56,2
39723,83,5
46765,255,5
16765,200,1
48188,292,3
45935,143,5
31892,112,3
19344,205,3
3497,27,2
32197,131,1
9803,160,4
11449,89,2
34046,176,1
12570,219,5
8392,213,3
41273,153,5
8881,43,3
49978,157,3
33542,288,3
24749,55,1
28672,267,5
30179,5,1
17323,161,2
11250,32,2
44070,44,5
8584,280,5
38865,45,5
45468,9,3
47536,275,5
41615,299,1
15833,131,1
35991,181,2
26644,29,4
31279,120,1
356,96,5
37058,76,1
18994,252,3
17321,224,3
16258,253,2
35032,112,2
2841,239,5
3146,120,3
1263,123,4
4787,227,2
20686,279,1
16865,189,1
29819,188,5
12717,231,2
11564,125,4
9820,172,1
49676,292,4
48522,167,5
5707,231,3
12849,212,5
19705,161,2
12614,132,4
13235,29,2
34341,135,3
7978,288,3
33749,261,2
45933,237,2
2840,167,4
19843,193,2
17935,95,1
3670,65,1
17547,284,4
34783,72,2
10460,115,1
16859,79,3
18821,284,2
49723,209,3
8492,116,2
6230,239,5
1085,117,5
1285,235,4
1557,276,5
26103,107,2
41070,5,4
21510,39,2
15616,241,4
3591,112,3
48943,275,2
24663,116,1
14066,119,1
49125,245,2
43618,75,4
7440,168,5
24378,40,4
44321,224,5
13478,256,2
47546,228,3
24622,27,1
43863,243,5
18209,127,2
2359,101,1
47101,83,3
15880,165,3
34010,160,2
44697,175,5
24170,73,3
18198,71,3
37507,273,4
26946,249,4
48344,171,1
5230,225,3
41921,231,3
33078,288,3
40245,231,5
7970,67,3
24245,157,5
6068,67,3
18088,173,2
42008,265,2
37255,152,2
7520,180,2
36148,159,5
6006,159,5
34700,29,1
42040,43,1
39941,83,1
38542,243,4
1724,88,5
31315,24,3
19522,141,2
3598,172,2
5532,160,2
29936,116,2
7505,16,2
42512,52,3
42033,35,1
20047,141,4
22201,207,1
25513,145,4
20287,172,4
47281,84,5
854,272,1
34199,68,4
4860,245,1
6480,136,5
21446,207,5
17239,248,5
7862,72,2
29317,9,2
621,156,2
43038,113,1
38576,276,5
37611,260,4
20299,125,2
12962,248,1
14572,279,2
5027,268,1
36112,93,1
11594,173,2
45204,133,3
20018,67,2
42723,219,5
3842,123,2
49827,183,2
12376,173,5
16299,167,4
11120,197,4
45001,140,4
36568,32,5
28924,265,5
5927,204,4
29372,77,3
22061,253,5
31895,184,2
43411,165,2
21305,53,3
26705,1,1
20923,251,2
14403,235,1
47245,79,1
25869,73,4
37916,123,5
25411,49,1
11242,275,5
15059,269,1
1141,161,2
44254,99,4
14709,16,4
5701,140,2
21390,291,5
19764,265,2
33793,17,2
5955,299,4
7216,36,1
10859,161,1
35412,83,1
9000,279,1
17843,229,5
30497,159,1
49101,251,3
3849,285,4
45315,128,4
27118,225,5
35215,79,4
29118,168,5
29528,260,3
24312,257,5
7694,107,2
28467,232,3
29240,296,3
22274,269,1
1851,204,3
8000,253,1
40527,31,1
27364,193,3
22568,237,5
38969,21,3
25854,79,1
49980,287,2
36514,256,3
22481,1,2
31063,269,5
27534,232,5
18685,85,1
23004,228,1
44977,64,2
47191,8,2
20998,297,1
15303,215,3
27154,149,2
9387,47,5
2926,283,4
23327,291,2
29172,165,2
42074,279,2
20521,83,4
37126,11,4
42828,145,1
37251,271,5
36802,84,3
43540,103,5
41868,139,1
17011,203,1
46844,85,1
23427,300,1
40225,9,3
9848,203,2
7313,137,1
6160,71,3
39914,119,1
29547,155,4
33280,231,1
44568,1,3
12125,116,4
21439,163,3
4351,288,5
21484,187,2
21730,68,1
18117,221,3
48145,77,3
3356,35,5
46420,127,1
43041,103,5
48360,248,3
9677,57,5
157,69,1
16319,281,1
22377,132,1
20276,136,4
40855,196,3
13166,133,5
34057,137,4
9218,83,4
39995,232,2
37275,139,4
26687,300,5
34008,115,2
28111,59,1
616,277,4
14904,83,4
12980,259,2
31574,77,5
39230,219,2
5066,12,5
43222,276,5
8308,152,1
47429,279,4
46830,40,1
8635,35,2
5263,167,3
19470,277,2
11733,144,5
13683,100,3
13713,157,2
26608,272,3
40179,53,2
3040,33,4
37554,211,4
14050,184,1
15576,95,4
31666,132,5
41234,12,4
1854,87,2
30306,103,3
30028,65,3
41748,108,4
24903,25,1
25390,272,1
48954,275,3
16261,29,5
33513,297,1
23599,184,5
8115,249,2
35911,219,3
14756,253,2
32458,135,4
23224,228,3
29700,157,2
30901,40,1
8824,76,3
34062,89,4
38849,111,1
22749,124,3
40549,219,1
49853,224,3
22301,176,1
44550,113,4
25110,23,3
23189,148,4
42023,136,1
33275,16,2
36350,119,1
17296,115,3
43818,23,1
28604,217,2
6317,99,4
4680,164,2
9638,184,4
40453,261,1
36349,164,1
2927,168,3
10569,124,4
33329,59,2
46328,195,3
35803,279,4
39325,191,5
11039,99,2
46630,265,5
22226,20,3
43827,68,3
1558,20,5
14045,163,2
37520,280,2
42517,88,4
22062,75,3
7113,300,2
15429,48,4
27054,193,2
10959,240,3
12151,241,4
30,199,2
40878,51,5
22928,53,2
33622,115,3
9207,4,5
9696,151,3
43586,104,2
7287,161,3
29525,52,5
1188,279,3
31285,72,2
12556,51,5
7474,201,5
6710,147,5
4983,151,3
20649,273,3
7710,145,5
32119,85,1
19877,101,1
45194,87,5
23019,299,5
33753,164,4
22696,189,4
33271,81,2
38323,220,2
31902,29,3
25868,219,4
42032,193,5
2973,7,1
32771,44,2
37691,107,3
26473,117,2
46425,48,4
20346,271,5
29964,40,2
23648,44,4
20791,279,4
14623,208,5
5381,289,3
3751,20,1
26329,80,2
41246,289,5
2542,115,5
3524,180,1
46271,255,1
4881,179,5
41881,83,3
43705,180,1
46268,223,1
10227,181,3
32227,79,3
48328,273,1
7562,232,4
36896,80,5
11225,289,4
42897,195,3
17506,84,4
37109,59,5
42985,131,1
9816,5,4
11705,163,4
6143,95,5
30285,28,4
24061,219,3
40236,260,3
11711,43,2
8346,59,2
13483,275,3
37282,187,2
37957,24,3
14070,65,1
48159,160,5
14679,100,5
2374,137,3
48346,116,5
22228,256,2
24454,169,5
1669,177,2
10872,124,2
30672,117,1
37764,225,4
33514,28,2
43831,173,1
12664,127,2
23672,299,5
693,236,3
16181,139,4
6772,57,4
32916,39,2
8623,97,1
25765,272,3
17201,144,5
14011,117,1
44777,267,5
10367,67,3
44472,69,5
10073,61,1
42639,115,4
44484,247,4
31793,159,3
30242,199,2
33085,19,5
34920,212,5
38932,105,3
26606,132,5
16523,137,1
48635,196,2
14648,25,2
33805,87,2
30592,65,4
29954,151,3
15659,69,1
42474,17,5
49196,140,2
25167,27,4
46646,80,3
12562,180,2
27810,83,5
11131,63,4
49323,1,5
1450,201,5
25176,289,5
25301,93,1
29938,229,1
36072,61,5
33119,201,3
35216,141,1
3715,133,4
30313,292,1
37386,179,4
8456,256,3
47808,79,2
41677,284,3
15637,253,3
30078,103,3
26395,160,1
46204,205,2
32401,237,5
38497,81,1
24497,24,3
12180,71,3
43461,121,5
4057,107,4
19802,44,1
10790,236,3
23306,39,3
43339,91,3
2335,63,1
13365,101,2
6038,120,5
1207,148,4
12103,145,4
14209,173,5
6982,68,5
1532,21,2
23279,183,5
17295,157,5
41499,179,2
46549,129,5
3270,283,2
10629,221,5
5294,28,1
34283,17,4
35935,79,3
1100,183,3
10480,109,4
24040,288,1
9242,269,5
14526,288,5
28265,239,2
32579,112,3
11215,287,2
5626,157,3
29358,96,4
13918,211,4
47703,292,3
43971,33,3
37575,244,2
32977,300,3
45618,268,1
24111,123,4
14179,91,3
21094,248,4
31365,131,1
27695,213,5
11228,180,1
4661,131,3
17220,63,2
10269,24,1
4252,192,2
20544,89,4
39175,136,1
21732,149,5
24961,13,5
23171,3,1
26223,215,2
5445,157,2
43895,161,5
36180,235,3
29508,87,4
32446,224,2
24654,177,3
40739,288,2
24985,172,1
4846,36,5
19861,121,5
22958,180,4
7174,89,1
14571,45,4
30134,48,4
42048,300,3
14326,241,1
4592,33,1
9280,165,1
5287,29,2
42061,283,3
6788,80,4
29619,35,4
36997,197,2
28133,132,5
47043,117,3
34188,189,3
28995,156,5
21724,180,4
26953,89,2
36253,163,5
47871,233,3
48496,248,4
48428,283,4
46116,24,2
21533,16,2
18056,164,2
39808,151,1
22764,60,1
44744,141,4
41370,236,5
27974,241,5
5323,200,4
16653,120,1
46849,92,4
42003,288,2
14168,205,4
46258,41,5
35282,164,3
31839,297,2
35134,84,1
10821,144,4
12452,1,3
36378,236,2
15518,95,5
25861,49,4
320,209,2
20056,285,3
17033,171,4
12786,83,3
48576,39,3
45817,31,2
41166,35,5
32509,143,1
24573,240,4
29373,260,3
10539,29,1
36821,211,4
31827,300,1
46846,71,5
5912,95,5
36172,43,2
47179,127,4
9194,212,2
24727,109,3
23924,271,1
47004,283,3
20572,31,2
46446,45,4
38529,59,3
2203,29,2
13569,268,4
1303,180,3
31759,109,3
24878,111,5
35085,79,3
40495,300,4
23784,185,5
6980,283,3
37299,213,2
24096,196,5
32478,97,1
12124,207,1
28337,244,1
37536,141,5
7439,177,5
45183,251,4
30872,244,1
28905,164,5
5855,227,3
35109,271,5
39814,25,1
27441,101,3
17042,280,2
7594,32,1
8001,49,4
31727,60,5
44957,204,2
38168,44,4
37313,276,3
16142,152,1
35121,156,3
19216,291,4
21584,279,2
13672,23,2
15719,196,4
9075,56,5
6180,45,2
42020,37,3
18960,43,1
38772,71,2
29579,15,5
34613,57,2
21411,45,3
33576,63,1
2610,195,5
43144,67,5
5655,167,5
2565,144,4
34401,205,5
42451,247,5
20640,197,5
33797,261,1
47693,229,4
25243,116,3
29860,55,3
13298,8,5
49201,173,1
9611,103,5
19532,108,5
29606,153,4
49699,295,4
40555,168,1
32939,279,2
10862,69,5
38664,65,3
10800,217,2
4209,111,4
19401,23,2
28568,27,5
32639,173,4
45171,48,4
12884,49,4
279,97,5
5211,48,4
5589,163,5
19086,240,2
8640,11,3
33607,215,2
46922,25,1
23434,156,5
21778,291,4
8979,192,4
46654,127,4
25741,131,2
27989,79,2
21136,293,3
27778,101,1
4098,169,2
21556,36,5
49424,175,2
25681,261,5
46168,296,2
26690,65,1
44015,12,4
134,55,2
18277,251,5
39714,223,1
37439,267,3
49567,265,2
21561,241,1
19232,196,5
1492,173,4
9516,33,3
22487,248,5
16415,241,3
14241,181,3
13305,68,3
43537,176,2
45095,101,5
39248,195,5
2987,272,3
17026,256,4
40697,197,5
4579,93,4
34237,25,2
1570,97,2
15341,33,2
43613,240,3
48733,55,1
15326,72,4
19578,285,4
48642,64,5
42657,116,3
11906,229,5
41274,148,5
47875,161,2
13583,32,1
40793,127,2
36256,164,4
130,35,3
25467,33,4
1567,216,4
11383,79,5
29659,239,4
32270,177,2
3256,24,3
33558,76,4
16018,1,5
32683,184,5
39449,180,2
17003,248,4
27143,164,2
9087,49,3
4754,115,5
36552,57,3
22832,300,4
6545,95,4
2054,275,3
38665,45,1
41318,29,2
8634,265,4
3518,113,4
46589,33,2
36694,124,3
15114,188,3
8789,285,3
38200,101,3
37271,276,4
49711,252,4
4684,149,2
5487,79,2
21187,72,2
3373,21,2
45944,220,5
30155,193,3
502,241,3
32026,9,4
12843,4,3
30397,20,4
27374,160,3
11980,119,5
36425,264,2
29845,116,1
881,16,5
46795,281,2
11411,112,1
22617,267,3
47444,181,5
5008,107,2
41801,13,1
27310,144,5
1514,195,2
10415,280,4
1275,21,5
27333,56,5
45843,20,2
5140,129,3
1816,36,5
19374,257,3
35086,163,5
42165,209,3
27035,9,5
8823,185,1
48290,252,3
27875,288,3
204,80,5
8291,81,5
36376,76,5
46179,101,2
43764,284,2
24139,56,5
41514,299,5
32209,163,1
8819,51,1
34215,297,1
34619,105,2
33643,200,3
41226,179,4
46733,75,4
31900,184,4
26224,219,4
36938,224,1
42515,8,3
24322,279,5
29729,9,5
36590,241,2
45036,119,2
22733,167,1
40271,35,5
28522,173,2
37488,244,3
24483,253,3
6337,204,3
18305,55,5
9495,156,5
21285,60,3
44989,220,5
43188,219,5
28069,7,5
4927,276,2
15652,29,1
7098,93,4
23124,283,2
12045,127,5
976,180,2
19176,115,3
10,288,3
29653,43,3
5895,268,4
48070,239,4
14232,13,5
22848,239,3
49607,91,2
25415,176,1
6638,261,2
4031,288,2
38636,71,4
4077,289,4
30432,208,4
12250,152,4
5135,112,1
30277,268,4
7349,173,3
40053,28,3
46473,268,2
31064,137,4
10963,137,1
46618,17,1
8686,68,3
32376,105,4
13373,187,2
32499,67,4
42236,196,2
42659,261,1
41698,51,3
39756,69,5
33106,100,3
12355,260,1
28969,240,5
9417,135,4
23413,72,5
16454,236,3
12897,235,5
36724,165,3
20199,169,1
32653,157,5
35236,79,2
29562,101,2
7716,227,1
31226,147,2
39161,191,4
6246,127,1
622,164,1
11490,216,3
4027,40,5
30490,200,1
31929,11,4
38214,112,3
22474,177,1
11330,273,1
29825,223,5
35310,81,3
4826,247,1
41205,171,2
39545,241,1
24826,108,4
38897,169,3
1422,155,1
33687,99,2
19591,57,1
13295,47,2
33704,151,5
34527,195,5
27146,128,5
3010,149,1
37500,217,5
15710,188,3
20261,173,1
582,261,4
46778,159,2
6356,92,2
32776,69,1
37856,112,2
46102,87,2
18189,276,5
833,65,5
42159,200,4
31634,251,5
44051,257,1
11356,123,1
9246,31,4
21820,156,3
13580,108,3
9313,137,4
4729,63,2
19285,105,1
39507,141,1
36749,165,5
5711,232,3
49178,140,4
47333,129,5
2369,51,1
3155,269,1
31735,88,1
11749,88,5
32665,51,3
22231,103,1
43351,99,5
42582,80,1
36171,247,4
21817,163,2
36049,136,1
25634,131,2
2255,141,4
25700,93,5
12568,72,2
16894,27,5
37887,133,1
35062,160,4
44661,83,3
37285,171,3
40904,233,1
20469,300,3
34307,136,1
34762,157,5
35717,209,3
24856,92,2
33312,59,2
3580,100,3
31969,17,4
30786,159,4
31291,43,2
3044,71,2
21154,137,5
6527,285,5
37074,96,4
3805,185,1
53,25,3
31734,83,2
20843,61,2
21539,92,1
10328,160,2
42664,111,4
21570,84,2
17231,223,5
10321,193,3
39006,175,2
34153,288,2
17507,45,1
38515,107,4
2252,41,5
47440,177,1
39515,285,1
14869,68,3
48008,61,4
4894,33,2
15000,40,5
28714,281,3
34848,225,1
4181,299,4
5511,240,2
3688,39,3
44271,33,1
6145,145,2
2678,203,5
24472,268,2
42046,87,3
21388,195,3
47306,136,3
22936,27,3
26680,281,3
48120,124,2
46222,243,1
9192,205,4
36650,29,5
21190,156,4
31778,35,5
49682,159,2
49336,1,5
9882,123,2
44451,147,2
13803,193,2
19634,207,2
5108,169,3
13561,71,3
41295,288,1
46945,252,1
34119,284,1
41738,88,3
28806,79,1
4210,45,2
26044,199,3
19820,131,5
30949,176,5
8206,13,2
40247,292,1
48067,147,2
8533,52,1
28811,120,1
8209,9,3
29403,104,4
16896,292,1
10136,15,4
26301,137,4
5120,72,2
14344,103,3
9649,120,5
707,239,5
21581,296,3
33361,53,3
45185,244,3
30027,237,5
2048,99,5
20842,1,3
23995,56,2
5978,141,4
23202,224,1
44620,291,5
26453,249,1
32968,293,5
46416,67,1
24909,71,1
14769,51,4
45827,268,4
5482,77,3
48845,271,4
34211,240,5
47954,97,1
16253,281,5
25160,176,5
15135,208,3
1694,179,2
15235,200,2
12536,147,4
13645,192,4
35222,221,2
6044,183,5
18769,23,2
15113,112,5
39108,224,4
34419,187,2
35447,55,1
16636,125,1
11808,169,3
35655,288,3
18804,95,1
43210,99,4
10315,247,1
38745,71,1
18889,172,3
12956,4,2
30260,11,3
19166,165,5
31947,191,5
8691,145,4
30784,147,3
97,251,2
29283,132,1
41829,40,5
19400,24,3
22042,93,3
23724,108,4
45049,204,1
48094,245,5
4565,283,4
25049,183,2
16692,229,5
35096,23,4
30270,216,3
3613,57,2
24284,24,5
32215,91,2
10090,260,4
28140,156,2
23804,141,1
42568,105,4
40809,269,2
12200,175,1
46548,5,3
26795,209,3
22817,243,3
45314,203,1
22297,148,5
35789,287,1
7126,8,2
39464,35,5
17784,191,2
43307,172,3
42720,8,4
16496,160,5
9505,71,3
28716,99,3
24386,295,3
16603,204,1
24538,107,2
25767,24,1
27918,49,2
35177,192,3
47165,292,3
48703,275,2
18490,168,3
23679,189,2
36178,91,2
16629,223,1
47442,151,5
7776,31,5
12209,60,5
49286,263,1
13942,233,1
24915,53,1
36612,280,1
39437,257,2
9264,39,3
45705,111,2
16380,296,1
15158,165,5
26700,31,2
33247,8,4
17145,204,4
31481,119,5
16302,12,5
24268,272,1
28137,291,5
42667,277,4
864,275,1
21648,69,5
45424,184,5
4528,11,2
46332,297,4
18648,125,3
7328,175,3
15612,47,2
24115,203,1
10643,268,3
38663,119,5
5817,71,4
7414,227,2
25341,8,2
26958,253,5
12217,255,3
18603,81,3
28504,79,3
1536,200,2
38937,159,1
29927,207,5
47926,228,5
4238,235,1
9582,175,5
45188,136,2
43927,223,4
25366,229,2
10313,9,1
12899,184,3
14359,20,5
2101,224,2
42014,299,5
42895,65,5
32375,221,1
47391,259,4
18044,143,2
5700,127,1
140,267,1
6782,221,3
32768,155,2
21423,37,1
33210,248,5
27767,153,4
45775,113,4
44071,180,3
32519,52,5
44478,212,4
21989,67,1
13916,49,2
38498,153,1
21080,223,3
2555,299,3
26392,160,1
22522,104,4
16250,56,4
32110,96,5
29627,271,5
7463,152,4
40705,121,5
8550,4,4
35866,95,4
30987,140,2
18617,225,2
277,207,3
42396,105,4
32178,108,5
3310,59,2
49543,155,1
5218,51,4
26704,99,3
41548,23,3
13731,163,3
2402,88,3
16296,151,1
29523,228,5
36949,7,3
27240,12,1
29447,96,3
29670,281,1
3242,227,1
1089,20,3
33993,83,5
28690,140,1
48107,244,2
41221,156,4
8386,243,4
17728,51,5
29124,163,5
7153,67,3
40791,265,1
36699,15,4
18202,39,5
27605,220,5
12396,177,5
30656,124,4
11693,48,1
25988,111,5
49220,280,3
42668,61,1
45701,257,3
37051,103,1
291,37,5
274,189,1
44313,268,5
24644,33,1
25480,193,2
33792,211,4
18079,243,1
25887,129,2
18589,245,1
19739,253,4
28832,81,2
36901,139,3
35480,253,5
11289,256,4
14535,129,4
10064,211,5
29350,228,1
32283,43,4
42333,181,3
3473,97,4
27076,257,1
2127,15,3
24873,205,5
17046,116,4
6100,285,1
30826,133,4
41001,49,2
10322,300,5
26915,144,5
29383,157,4
12652,179,3
2711,161,1
20409,63,5
17346,25,4
47321,252,2
2253,208,5
10802,249,2
41298,87,5
4856,249,1
9365,181,3
34803,115,2
36564,281,3
10591,271,5
11645,207,1
16614,151,2
41044,245,5
15407,192,3
14174,255,4
23210,237,2
11575,241,4
19932,88,2
7744,20,3
33990,109,4
22659,45,2
29800,289,2
48301,216,4
43810,88,2
15598,128,3
14444,183,5
44240,77,3
20565,104,1
42039,139,4
5434,224,1
4115,161,4
6854,255,1
29937,259,2
38304,144,4
27294,283,2
46991,76,4
39635,105,5
35827,13,4
32341,23,5
29897,233,5
1385,153,2
34652,295,1
31110,133,1
29869,275,4
25525,27,5
19886,21,4
27018,261,3
9276,223,1
1638,149,2
33746,205,2
31897,204,5
49362,56,4
5543,19,2
39653,225,2
19892,120,5
37161,175,5
24831,164,5
39584,264,4
45,24,2
29268,147,5
30602,175,5
44397,37,2
26816,147,5
10795,97,2
28763,251,1
32556,207,4
6875,60,5
44417,285,3
14226,79,2
21069,123,1
22213,281,5
14010,44,1
23391,213,1
32177,276,3
16037,219,1
48474,152,3
4745,243,5
41317,155,2
18107,60,4
7983,153,2
1179,221,4
5957,200,5
40995,268,4
49606,124,3
33306,24,2
34156,175,4
49378,147,4
21142,33,4
3978,57,1
49267,240,1
7972,280,3
38316,193,1
10975,7,2
5472,277,2
20471,185,2
17075,208,1
46448,40,2
47023,300,5
42841,176,3
29842,216,3
11993,265,2
42733,83,3
19319,33,3
45842,293,4
32822,96,2
2676,132,2
48611,283,2
6358,165,4
11084,69,2
10953,99,4
3907,241,2
26265,136,3
23662,24,4
44764,125,3
5048,67,3
8266,136,4
39705,133,3
10840,191,2
897,117,1
47590,157,3
45662,212,3
3062,277,5
19880,52,4
46960,201,1
44929,179,4
34099,23,5
13445,4,4
16021,260,1
43238,276,5
20945,67,4
39733,35,5
629,277,2
20229,105,5
25042,20,4
17665,276,5
29324,176,5
24354,231,5
30226,175,5
21019,139,5
28535,275,1
40217,139,5
49124,263,2
624,9,5
17730,55,2
28796,128,1
35888,181,4
12244,253,2
46568,252,1
772,11,5
16551,156,2
5652,189,3
47268,297,5
21424,117,2
37445,157,1
47614,131,4
2960,96,2
6815,173,3
5039,69,3
15528,165,2
11321,149,1
29320,229,1
27831,133,4
49064,297,3
42834,119,3
440,135,1
35750,189,4
27396,235,1
5400,260,4
21952,96,1
22323,165,2
33835,91,1
11453,92,2
37373,169,2
40751,21,1
29771,25,5
4399,144,5
38921,204,2
29370,253,2
13086,105,1
25787,203,3
20305,181,4
511,281,1
49489,213,3
893,167,3
20727,207,5
20191,221,1
33311,9,4
1432,59,4
741,13,4
39172,61,1
18893,80,1
35350,205,1
45467,260,5
14806,24,3
36999,68,2
28792,195,3
20786,19,3
17448,271,3
12475,75,3
30064,248,1
27007,263,1
20501,44,4
45002,237,2
5419,227,4
47812,267,3
31670,108,5
5055,268,1
24532,63,5
12805,41,1
42103,255,5
24978,147,5
25665,11,4
9094,149,4
15052,183,4
31333,227,2
32935,63,2
41557,79,3
11913,261,2
33887,249,1
42865,32,1
9216,281,4
49975,163,1
3788,108,4
16043,276,5
36147,124,5
44542,188,3
23411,191,1
41364,141,1
31433,43,2
19267,4,3
30934,172,2
2947,169,5
22298,31,2
45867,245,3
9008,224,2
24451,257,2
47301,53,3
34371,123,3
28149,101,1
17688,145,4
16713,49,2
26554,249,1
35138,175,1
41949,233,5
40050,107,1
9453,69,2
47519,111,4
25950,175,3
20506,28,2
13042,49,1
29806,224,3
29313,271,2
22464,229,3
37633,201,1
737,112,4
22807,69,5
24990,256,3
20487,77,2
10371,291,4
47069,156,2
21367,117,4
8473,63,4
40472,184,2
4174,68,5
32674,112,1
8645,51,5
8509,43,2
42971,139,1
9065,37,1
30507,69,5
35344,65,3
41888,179,3
18101,100,1
10294,69,5
39237,35,1
22984,43,1
5083,96,1
33356,285,2
1522,153,2
43036,105,3
11471,28,5
30200,40,1
13273,197,5
36222,136,5
41898,175,1
26653,191,3
10295,255,2
13393,148,2
31791,267,1
41092,135,2
216,104,5
20063,213,1
34112,215,2
34804,265,2
28890,255,3
25381,107,2
5721,104,5
15364,181,1
49868,231,4
8981,213,1
31708,196,1
30945,117,4
46809,119,4
28713,247,5
32351,165,3
29730,235,1
34623,203,1
22938,91,5
37284,15,1
2481,257,4
6327,167,3
25565,215,3
14438,139,4
22506,283,3
25583,240,3
4852,60,4
23061,11,4
39356,23,4
3902,201,3
42532,119,2
46142,196,3
26230,180,5
38624,203,2
38263,248,5
17204,220,2
12278,52,4
32143,109,3
19862,169,5
39690,5,3
48816,64,2
2915,184,3
43147,171,1
6774,153,5
45516,189,1
19769,119,3
11410,259,4
9699,45,2
15119,196,2
10810,95,2
18902,27,4
28694,117,3
18896,251,1
37737,275,4
42440,193,4
17833,163,3
40233,275,5
40803,224,3
39885,72,3
5731,71,1
15181,72,2
37708,33,5
20724,173,3
42272,80,3
32303,296,2
36868,221,3
12048,156,4
23560,183,4
31936,208,5
47180,184,5
8271,184,1
32332,213,5
16852,235,5
46706,204,3
39799,29,4
13261,245,4
12587,11,3
6423,61,5
525,55,1
45405,293,1
19218,272,4
25259,8,2
14350,292,3
41216,264,4
36135,137,3
27550,16,2
46215,289,4
38172,285,3
5074,108,5
47265,208,4
4562,299,2
39045,115,2
23956,45,1
18427,235,5
2229,261,5
41212,205,1
39645,279,1
40451,29,1
31311,211,5
19332,115,1
27951,257,5
31672,296,3
30136,32,3
34276,288,1
18421,151,3
35370,187,4
35178,140,5
28736,7,2
39874,85,4
16207,83,4
45400,216,4
9448,63,4
27513,23,1
8478,65,5
25015,100,1
31597,3,4
49571,56,3
35189,232,4
36958,153,3
34565,228,5
4968,233,5
5692,121,1
24922,47,2
26324,145,2
46210,21,3
21431,295,3
26300,33,3
40297,156,2
18206,221,1
32779,9,1
32360,289,5
21546,159,4
20280,144,3
40718,189,1
46585,48,2
3629,233,3
38125,265,5
15162,157,5
1392,205,4
49149,145,5
35587,156,5
23531,109,1
10744,189,3
49473,157,4
4134,192,5
3468,76,1
3757,175,4
10667,97,4
27258,97,3
30844,36,1
7599,32,3
4307,216,2
151,187,1
11579,108,3
1533,99,2
13312,96,5
9189,209,3
32899,68,2
46040,108,1
12065,280,4
14129,263,5
42434,67,3
41912,272,2
40265,220,4
22269,36,4
19055,257,5
31844,91,3
38693,165,2
20866,260,2
35020,137,4
41672,84,5
48098,8,1
14439,36,3
39435,280,3
22701,128,4
4447,268,4
29875,55,2
31028,259,4
16938,27,4
10478,297,1
38553,159,3
1894,35,5
24106,152,4
3915,104,1
30516,216,5
7317,113,4
3820,11,2
4573,209,5
47213,96,4
38783,25,3
38206,180,5
40823,229,2
44065,203,4
39255,120,1
41566,141,3
2372,96,2
15903,299,1
28218,117,5
6090,295,4
21186,257,5
15581,233,4
25208,235,1
31418,259,5
11797,71,1
11491,55,1
23827,277,1
22818,16,3
43304,37,3
2639,239,4
11597,220,2
21678,85,2
14634,276,3
40060,251,4
38730,108,5
34967,132,3
37184,196,1
22720,83,4
15369,140,1
22641,265,4
9064,203,4
16238,211,2
18774,212,5
20371,228,4
11798,241,5
15408,108,1
13374,16,5
33783,51,5
2036,141,1
16257,217,1
28330,295,3
23640,56,1
19112,36,4
20845,288,2
47388,43,1
20068,180,5
42759,271,4
5735,188,5
30403,299,4
23280,136,5
44805,279,3
38262,105,5
14435,268,4
45946,280,5
33778,156,5
14360,99,3
36333,145,3
48387,3,2
14803,12,5
26592,253,2
29563,75,4
24706,11,4
7996,124,1
7318,153,1
45530,3,3
12465,143,5
18791,231,4
49830,57,4
16949,261,1
43700,1,3
39206,92,1
45293,152,3
25867,72,5
1621,267,5
41719,223,3
13650,57,3
34482,249,3
16801,71,1
2442,283,3
38654,15,1
41661,207,5
1182,8,2
43401,4,4
31643,7,1
36029,12,1
32759,183,2
45118,15,5
17384,73,5
22262,85,3
15083,119,5
34806,127,1
34546,119,2
43202,112,1
2809,156,2
10729,76,4
46413,73,3
44855,79,4
42660,7,4
906,53,3
39798,212,5
6541,231,4
27140,147,3
47616,68,2
16625,57,5
20139,112,1
26822,255,3
28063,224,4
21742,25,5
33296,83,2
21492,169,1
24597,147,2
7115,216,1
1520,95,1
42504,189,2
37003,1,1
19082,187,1
6424,52,3
43020,188,4
19726,187,3
2568,185,2
19222,253,4
37447,280,2
37455,221,3
24102,229,5
16858,124,2
39912,139,3
31270,92,2
20882,92,2
47794,245,5
46847,277,2
25066,55,3
43936,149,1
39019,109,1
32946,297,2
41111,157,5
16134,181,1
17234,221,4
5598,104,1
41248,244,4
23137,85,1
39696,188,3
21918,207,1
24894,140,2
29530,289,2
20574,267,1
32228,167,5
4798,51,2
21112,15,1
28224,119,4
44233,208,4
22903,69,3
35879,35,2
22791,245,3
6458,115,1
41934,221,2
35859,132,5
27377,13,2
46679,43,3
22596,53,5
35784,287,5
26009,141,4
37189,80,2
15476,199,2
24282,241,2
33934,72,4
32377,257,5
18415,185,5
19545,137,2
2095,173,5
14772,188,2
5753,96,1
5999,237,4
44066,35,4
45589,256,2
31811,224,2
43432,27,4
21203,261,5
29437,297,3
13531,112,4
24906,103,5
3815,275,4
15593,168,5
3926,115,1
10998,123,4
47882,264,4
41359,95,4
27235,260,5
19737,128,5
43219,11,1
5534,21,3
23005,147,3
24368,237,4
26282,229,4
5221,79,4
11362,287,3
7404,259,1
42571,208,3
16110,32,5
458,128,5
4145,8,5
41508,228,3
8189,28,1
45221,217,4
40372,216,4
39163,81,3
39723,95,2
46765,21,5
16765,172,5
48188,205,1
45935,7,4
31892,19,4
19344,183,5
3497,292,4
32197,105,1
9803,267,4
11449,29,4
34046,63,1
12570,275,1
8392,197,4
41273,267,5
8881,257,2
49978,259,4
33542,60,5
24749,3,1
28672,64,3
30179,61,1
17323,256,5
11250,3,3
44070,91,4
8584,120,3
38865,103,3
45468,15,3
47536,192,1
41615,139,2
15833,239,1
35991,147,1
26644,20,2
31279,296,4
356,48,1
37058,264,3
18994,265,3
17321,145,2
16258,93,4
35032,1,3
2841,167,2
3146,41,4
1263,97,3
4787,33,1
20686,288,5
16865,220,2
29819,105,2
12717,60,4
11564,195,1
9820,12,4
49676,236,2
48522,243,4
5707,200,5
12849,185,1
19705,65,1
12614,164,3
13235,249,4
34341,208,5
7978,272,3
33749,248,4
45933,68,3
2840,141,4
19843,129,1
17935,136,1
3670,9,5
17547,157,1
34783,269,3
10460,129,3
16859,257,4
18821,85,3
49723,32,4
8492,39,5
6230,220,1
1085,248,3
1285,200,5
1557,192,5
26103,179,5
41070,228,5
21510,239,5
15616,65,5
3591,85,5
48943,67,2
24663,91,3
14066,181,1
49125,172,2
43618,8,3
7440,16,5
24378,248,5
44321,67,2
13478,127,3
47546,125,1
24622,45,1
43863,51,3
18209,164,4
2359,109,3
47101,19,1
15880,48,1
34010,73,3
44697,103,5
24170,152,2
18198,213,1
37507,53,5
26946,72,1
48344,101,1
5230,3,2
41921,29,1
33078,185,1
40245,71,5
7970,223,1
24245,161,5
6068,239,2
18088,132,2
42008,113,2
37255,7,2
7520,156,4
36148,131,3
6006,200,4
34700,57,1
42040,52,2
39941,117,1
38542,121,3
1724,135,1
31315,197,5
19522,91,3
3598,171,3
5532,132,2
29936,208,5
7505,65,3
42512,85,1
42033,99,5
20047,275,5
22201,261,2
25513,288,3
20287,287,1
47281,196,2
854,289,1
34199,103,1
4860,12,1
6480,207,5
21446,227,1
17239,41,3
7862,61,4
29317,271,4
621,53,3
43038,39,3
38576,17,2
37611,185,2
20299,271,4
12962,52,3
14572,119,4
5027,112,4
36112,285,5
11594,100,3
45204,145,5
20018,211,3
42723,185,2
3842,276,5
49827,292,3
12376,124,2
16299,244,3
11120,199,2
45001,101,4
36568,77,1
28924,256,5
5927,233,3
29372,185,3
22061,51,5
31895,261,5
43411,52,4
21305,253,5
26705,248,2
20923,39,3
14403,155,2
47245,232,4
25869,253,2
37916,57,3
25411,51,3
11242,44,5
15059,180,5
1141,216,1
44254,23,4
14709,231,3
5701,88,5
21390,33,4
19764,11,3
33793,71,3
5955,164,2
7216,179,3
10859,260,4
35412,129,1
9000,175,4
17843,92,3
30497,105,4
49101,104,1
3849,235,2
45315,95,4
27118,261,5
35215,181,3
29118,207,1
29528,291,3
24312,105,5
7694,60,3
28467,289,2
29240,245,2
22274,289,5
1851,136,5
8000,52,3
40527,169,5
27364,35,5
22568,155,5
38969,151,1
25854,200,4
49980,237,1
36514,52,4
22481,79,5
31063,20,2
27534,215,3
18685,99,5
23004,295,4
44977,272,3
47191,131,5
20998,171,4
15303,60,3
27154,236,1
9387,277,5
2926,148,3
23327,8,5
29172,103,4
42074,56,4
20521,231,1
37126,111,1
42828,47,5
37251,144,5
36802,80,2
43540,239,3
41868,183,1
17011,259,5
46844,217,5
23427,57,5
40225,55,3
9848,67,2
7313,220,4
6160,173,2
39914,299,2
29547,295,3
33280,237,2
44568,75,4
12125,155,3
21439,43,1
4351,204,5
21484,271,1
21730,257,2
18117,269,4
48145,228,1
3356,195,3
46420,140,5
43041,104,2
48360,148,3
9677,49,4
157,139,5
16319,299,2
22377,31,4
20276,235,5
40855,77,2
13166,175,1
34057,149,3
9218,192,3
39995,175,2
37275,68,3
26687,243,4
34008,5,3
28111,88,2
616,228,2
14904,145,5
12980,113,5
31574,124,2
39230,209,5
5066,235,2
43222,1,1
8308,44,3
47429,199,4
46830,69,5
8635,209,1
5263,15,1
19470,32,2
11733,215,5
13683,272,3
13713,245,2
26608,109,4
40179,8,2
3040,87,3
37554,197,4
14050,119,4
15576,96,2
31666,55,5
41234,297,3
1854,228,4
30306,176,2
30028,148,4
41748,109,1
24903,109,1
25390,283,2
48954,164,2
16261,273,3
33513,227,2
23599,256,1
8115,64,1
35911,29,3
14756,251,2
32458,93,4
23224,187,4
29700,67,4
30901,13,4
8824,133,4
34062,257,1
38849,132,1
22749,125,4
40549,269,3
49853,25,5
22301,51,5
44550,100,4
25110,29,2
23189,43,3
42023,47,2
33275,3,3
36350,215,2
17296,181,3
43818,276,5
28604,225,3
6317,85,2
4680,12,2
9638,157,2
40453,41,4
36349,172,3
2927,209,3
10569,252,3
33329,61,1
46328,209,3
35803,191,1
39325,188,4
11039,259,5
46630,45,1
22226,20,5
43827,245,2
1558,180,4
14045,175,5
37520,56,4
42517,252,5
22062,116,5
7113,180,4
15429,61,5
27054,40,2
10959,195,5
12151,135,4
30,49,1
40878,268,2
22928,293,5
33622,156,2
9207,44,5
9696,171,4
43586,108,1
7287,1,1
29525,233,2
1188,288,4
31285,61,5
12556,177,2
7474,51,2
6710,145,5
4983,37,5
20649,59,1
7710,207,1
32119,45,3
19877,208,2
45194,77,4
23019,149,4
33753,217,4
22696,95,1
33271,52,5
38323,124,4
31902,75,5
25868,109,5
42032,297,2
2973,56,1
32771,281,5
37691,133,5
26473,213,4
46425,65,1
20346,89,3
29964,256,3
23648,21,2
20791,60,5
14623,176,3
5381,200,4
3751,209,3
26329,197,1
41246,63,3
2542,233,2
3524,63,3
46271,131,3
4881,16,1
41881,181,1
43705,83,2
46268,249,2
10227,247,5
32227,163,5
48328,171,1
7562,271,3
36896,87,4
11225,280,1
42897,3,2
17506,269,3
37109,147,2
42985,259,2
9816,273,2
11705,291,5
6143,27,4
30285,41,5
24061,168,3
40236,145,5
11711,99,3
8346,275,2
13483,240,5
37282,120,5
37957,107,1
14070,227,2
48159,112,2
14679,69,1
2374,31,2
48346,129,1
22228,9,2
24454,128,5
1669,112,5
10872,121,4
30672,209,3
37764,69,1
33514,101,1
43831,39,2
12664,265,5
23672,185,5
693,71,3
16181,91,4
6772,33,4
32916,113,2
8623,79,1
25765,37,4
17201,123,1
14011,251,4
44777,47,2
10367,183,2
44472,111,1
10073,56,2
42639,237,4
44484,67,5
31793,27,4
30242,55,4
33085,221,1
34920,183,4
38932,139,1
26606,252,1
16523,131,2
48635,1,3
14648,45,4
33805,259,4
30592,83,3
29954,72,5
15659,155,1
42474,97,5
49196,141,1
25167,283,2
46646,87,2
12562,132,1
27810,223,1
11131,104,1
49323,12,1
1450,235,4
25176,241,3
25301,27,3
29938,121,2
36072,300,5
33119,200,1
35216,243,3
3715,152,3
30313,259,5
37386,28,1
8456,132,5
47808,60,3
41677,264,5
15637,3,2
30078,172,3
26395,217,3
46204,208,3
32401,179,4
38497,204,4
24497,68,3
12180,225,5
43461,129,4
4057,269,3
19802,195,5
10790,251,2
23306,85,1
43339,115,2
2335,199,5
13365,133,2
6038,157,2
1207,128,3
12103,195,5
14209,1,3
6982,176,4
1532,161,5
23279,148,1
17295,15,3
41499,16,3
46549,204,5
3270,139,3
10629,23,1
5294,112,1
34283,271,2
35935,125,1
1100,51,1
10480,108,4
24040,104,4
9242,256,1
14526,169,4
28265,247,5
32579,247,4
11215,265,5
5626,176,3
29358,156,4
13918,52,1
47703,189,3
43971,71,1
37575,204,2
32977,211,3
45618,296,2
24111,15,5
14179,107,3
21094,176,4
31365,216,1
27695,281,2
11228,53,3
4661,285,4
17220,261,3
10269,184,1
4252,121,5
20544,288,3
39175,227,5
21732,168,3
24961,72,3
23171,3,5
26223,107,1
5445,255,5
43895,36,5
36180,33,2
29508,228,1
32446,147,5
24654,137,1
40739,223,3
24985,257,1
4846,172,4
19861,164,5
22958,65,2
7174,251,1
14571,9,4
30134,295,4
42048,260,3
14326,189,4
4592,173,5
9280,175,4
5287,68,3
42061,168,4
6788,228,2
29619,172,2
36997,203,5
28133,64,2
47043,31,1
34188,159,5
28995,204,1
21724,97,2
26953,271,1
36253,213,2
47871,109,5
48496,255,2
48428,281,2
46116,183,4
21533,300,4
18056,259,4
39808,36,2
22764,31,2
44744,151,5
41370,127,4
27974,149,5
5323,211,4
16653,72,3
46849,37,2
42003,167,5
14168,173,3
46258,271,3
35282,8,3
31839,35,1
35134,259,1
10821,211,3
12452,119,3
36378,48,4
15518,227,3
25861,299,3
320,229,1
20056,47,5
17033,77,2
12786,69,3
48576,71,1
45817,167,1
41166,105,1
32509,44,4
24573,273,1
29373,49,1
10539,107,2
36821,188,5
31827,27,2
46846,15,5
5912,115,1
36172,77,5
47179,44,1
9194,35,5
24727,107,5
23924,80,2
47004,15,4
20572,107,2
46446,251,2
38529,203,4
2203,180,3
13569,143,1
1303,100,1
31759,43,4
24878,77,5
35085,169,5
40495,73,4
23784,163,2
6980,28,2
37299,100,5
24096,271,1
32478,11,3
12124,65,3
28337,93,1
37536,48,5
7439,288,2
45183,135,5
30872,51,5
28905,275,5
5855,7,2
35109,216,3
39814,27,2
27441,165,3
17042,107,3
7594,263,5
8001,269,3
31727,87,3
44957,152,1
38168,287,3
37313,287,5
16142,15,2
35121,89,2
19216,204,4
21584,21,2
13672,297,5
15719,253,1
9075,267,2
6180,121,4
42020,9,3
18960,269,1
38772,71,2
29579,191,3
34613,117,3
21411,64,2
33576,1,5
2610,185,4
43144,200,5
5655,271,4
2565,132,2
34401,291,3
42451,120,3
20640,221,2
33797,21,4
47693,264,4
25243,123,3
29860,32,4
13298,124,2
49201,297,5
9611,295,4
19532,77,5
29606,159,5
49699,267,1
40555,243,3
32939,181,4
10862,263,4
38664,284,3
10800,37,5
4209,160,2
19401,53,2
28568,297,3
32639,123,4
45171,239,5
12884,105,3
279,112,2
5211,221,2
5589,159,4
19086,15,1
8640,153,4
33607,207,5
46922,120,2
23434,20,2
21778,277,5
8979,105,1
46654,197,4
25741,192,4
27989,19,1
21136,68,4
27778,151,2
4098,24,5
21556,196,2
49424,256,2
25681,116,3
46168,31,5
26690,285,4
44015,203,2
134,227,3
18277,12,3
39714,128,3
37439,193,5
49567,188,1
21561,81,4
19232,296,5
1492,76,1
9516,16,2
22487,296,1
16415,287,5
14241,296,3
13305,156,5
43537,269,5
45095,192,1
39248,3,5
2987,97,4
17026,129,5
40697,283,1
4579,147,4
34237,49,1
1570,255,1
15341,48,3
43613,68,5
48733,192,5
15326,217,1
19578,147,2
48642,135,1
42657,260,5
11906,92,2
41274,49,1
47875,300,3
13583,111,1
40793,183,5
36256,279,2
130,297,4
25467,87,2
1567,57,3
11383,36,2
29659,260,1
32270,153,1
3256,71,5
33558,12,1
16018,68,5
32683,172,5
39449,57,4
17003,39,3
27143,47,1
9087,249,4
4754,67,2
36552,191,3
22832,267,1
6545,131,1
2054,85,2
38665,171,4
41318,169,4
8634,97,4
3518,136,5
46589,185,3
36694,41,4
15114,172,3
8789,172,3
38200,179,1
37271,244,3
49711,161,2
4684,196,4
5487,244,2
21187,212,2
3373,216,1
45944,71,5
30155,273,5
502,96,1
32026,49,3
12843,172,1
30397,48,3
27374,253,3
11980,264,4
36425,240,4
29845,135,5
881,157,1
46795,181,3
11411,135,2
22617,169,5
47444,167,2
5008,267,1
41801,207,4
27310,169,2
1514,63,3
10415,172,2
1275,205,2
27333,12,4
45843,105,1
5140,233,3
1816,8,3
19374,151,5
35086,288,2
42165,151,2
27035,1,5
8823,5,4
48290,24,5
27875,241,1
204,29,4
8291,96,5
36376,207,1
46179,263,1
43764,247,1
24139,284,2
41514,155,1
32209,75,2
8819,115,4
34215,295,4
34619,53,2
33643,16,4
41226,260,3
46733,127,1
31900,17,3
26224,204,3
36938,236,3
42515,273,3
24322,117,1
29729,257,1
36590,244,1
45036,200,5
22733,1,5
40271,23,4
28522,43,1
37488,93,3
24483,144,2
6337,193,5
18305,180,5
9495,21,2
21285,35,1
44989,67,1
43188,119,5
28069,23,4
4927,20,5
15652,237,2
7098,3,2
23124,73,1
12045,181,4
976,185,1
19176,116,1
10,287,5
29653,152,2
5895,119,2
48070,27,4
14232,212,3
22848,81,4
49607,184,3
25415,209,2
6638,233,2
4031,288,4
38636,8,4
4077,129,5
30432,196,2
12250,28,3
5135,161,4
30277,285,1
7349,116,1
40053,157,4
46473,223,4
31064,148,3
10963,171,3
46618,21,3
8686,76,3
32376,69,3
13373,163,5
32499,132,2
42236,204,2
42659,135,4
41698,189,3
39756,81,5
33106,244,4
12355,153,5
28969,221,1
9417,12,1
23413,221,5
16454,119,5
12897,19,2
36724,172,4
20199,13,1
32653,224,2
35236,89,5
29562,112,4
7716,53,1
31226,159,2
39161,44,4
6246,296,4
622,87,5
11490,156,5
4027,27,3
30490,148,4
31929,221,1
38214,164,5
22474,100,2
11330,191,2
29825,36,3
35310,29,1
4826,269,5
41205,167,3
39545,260,2
24826,21,3
38897,141,3
1422,109,4
33687,83,3
19591,48,1
13295,252,5
33704,27,1
34527,112,4
27146,119,3
3010,129,5
37500,148,3
15710,45,5
20261,217,5
582,295,4
46778,11,4
6356,231,5
32776,153,3
37856,287,1
46102,185,3
18189,297,1
833,251,3
42159,183,5
31634,129,3
44051,283,4
11356,147,2
9246,245,1
21820,184,5
13580,139,4
9313,268,3
4729,168,5
19285,92,5
39507,248,2
36749,131,1
5711,191,1
49178,201,5
47333,160,1
2369,84,3
3155,263,5
31735,235,3
11749,133,1
32665,245,3
22231,68,5
43351,255,3
42582,236,3
36171,127,1
21817,32,3
36049,68,3
25634,156,1
2255,220,5
25700,224,2
12568,205,3
16894,228,4
37887,213,4
35062,79,4
44661,105,4
37285,139,2
40904,183,4
20469,69,3
34307,289,2
34762,181,5
35717,233,3
24856,151,3
33312,291,1
3580,161,1
31969,172,2
30786,35,3
31291,160,5
3044,259,3
21154,141,1
6527,284,2
37074,188,3
3805,196,3
53,116,3
31734,233,1
20843,101,2
21539,91,4
10328,171,4
42664,253,3
21570,220,2
17231,300,5
10321,225,5
39006,176,4
34153,281,4
17507,217,5
38515,216,4
2252,268,1
47440,148,1
39515,267,2
14869,57,4
48008,283,4
4894,104,2
15000,29,5
28714,284,1
34848,211,3
4181,160,3
5511,93,4
3688,32,1
44271,64,1
6145,249,2
2678,37,3
24472,300,1
42046,105,4
21388,9,4
47306,27,5
22936,84,4
26680,87,4
48120,5,3
46222,115,4
9192,55,1
36650,49,3
21190,36,1
31778,89,1
49682,143,5
49336,51,1
9882,143,4
44451,32,3
13803,200,3
19634,279,2
5108,203,3
13561,196,1
41295,49,5
46945,291,1
34119,92,2
41738,75,3
28806,129,3
4210,100,5
26044,220,3
19820,269,3
30949,44,3
8206,77,1
40247,279,4
48067,295,2
8533,109,4
28811,279,5
8209,245,1
29403,4,3
16896,96,1
10136,224,1
26301,179,5
5120,104,5
14344,60,1
9649,272,5
707,129,1
21581,131,2
33361,280,4
45185,23,1
30027,33,5
2048,209,3
20842,269,3
23995,96,3
5978,291,2
23202,152,5
44620,43,1
26453,183,5
32968,180,3
46416,273,2
24909,17,3
14769,89,2
45827,125,4
5482,232,2
48845,80,4
34211,65,1
47954,1,3
16253,271,3
25160,255,5
15135,271,5
1694,193,3
15235,79,5
12536,297,1
13645,201,5
35222,260,1
6044,24,5
18769,16,3
15113,137,5
39108,191,3
34419,213,3
35447,213,1
16636,200,1
11808,125,2
35655,73,5
18804,148,3
43210,201,1
10315,73,2
38745,261,2
18889,277,2
12956,195,4
30260,204,3
19166,288,4
31947,7,1
8691,269,3
30784,117,4
97,233,3
29283,192,4
41829,147,3
19400,131,1
22042,299,2
23724,93,1
45049,105,5
48094,240,2
4565,83,5
25049,292,3
16692,111,4
35096,60,3
30270,52,2
3613,80,1
24284,127,2
32215,20,5
10090,89,4
28140,175,2
23804,241,3
42568,249,3
40809,200,3
12200,77,2
46548,117,2
26795,116,1
22817,231,1
45314,131,4
22297,152,1
35789,65,5
7126,81,5
39464,245,2
17784,183,2
43307,175,5
42720,79,5
16496,199,5
9505,268,5
28716,33,4
24386,287,1
16603,117,2
24538,271,3
25767,155,5
27918,137,3
35177,115,1
47165,281,1
48703,113,3
18490,49,5
23679,216,5
36178,279,2
16629,271,4
47442,120,3
7776,137,2
12209,87,2
49286,88,3
13942,35,1
24915,239,1
36612,128,1
39437,147,3
9264,205,1
45705,240,3
16380,164,2
15158,192,1
26700,241,1
33247,145,5
17145,280,3
31481,108,4
16302,193,5
24268,133,4
28137,140,1
42667,157,1
864,164,1
21648,147,4
45424,247,3
4528,37,1
46332,3,1
18648,59,3
7328,289,5
15612,208,5
24115,81,5
10643,260,5
38663,63,1
5817,236,5
7414,205,3
25341,205,4
26958,216,1
12217,84,1
18603,196,3
28504,183,5
1536,169,5
38937,241,4
29927,176,1
47926,265,2
4238,71,1
9582,257,1
45188,291,2
43927,220,4
25366,123,1
10313,91,1
12899,179,2
14359,149,4
2101,71,3
42014,253,3
42895,239,2
32375,79,4
47391,212,3
18044,257,3
5700,196,2
140,59,5
6782,200,5
32768,65,1
21423,151,1
33210,28,2
27767,77,5
45775,31,4
44071,91,5
32519,53,5
44478,52,2
21989,235,1
13916,205,4
38498,291,5
21080,184,2
2555,224,5
26392,133,2
22522,68,3
16250,269,4
32110,161,4
29627,23,2
7463,284,1
40705,92,1
8550,123,1
35866,257,5
30987,83,5
18617,188,2
277,239,4
42396,284,4
32178,199,4
3310,3,5
49543,236,3
5218,27,1
26704,167,2
41548,13,3
13731,219,5
2402,108,2
16296,55,5
29523,3,3
36949,259,4
27240,41,5
29447,92,1
29670,24,5
3242,287,4
1089,183,2
33993,205,3
28690,111,2
48107,196,5
41221,273,5
8386,39,5
17728,195,5
29124,293,4
7153,91,4
40791,64,2
36699,36,2
18202,284,1
27605,221,2
12396,267,2
30656,75,5
11693,55,1
25988,19,3
49220,136,3
42668,117,5
45701,189,1
37051,288,2
291,84,1
274,148,3
44313,244,5
24644,228,3
25480,264,4
33792,247,4
18079,48,1
25887,183,1
18589,188,2
19739,56,3
28832,44,2
36901,1,5
35480,64,1
11289,21,5
14535,67,2
10064,99,3
29350,223,4
32283,228,1
42333,113,1
3473,267,5
27076,92,4
2127,172,5
24873,239,5
17046,296,2
6100,120,3
30826,84,4
41001,109,1
10322,243,3
26915,271,4
29383,76,2
12652,136,3
2711,268,4
20409,247,5
17346,139,5
47321,37,1
2253,37,2
10802,172,4
41298,33,3
4856,213,1
9365,273,1
34803,76,2
36564,233,1
10591,135,1
11645,179,3
16614,140,1
41044,221,3
15407,231,2
14174,119,2
23210,41,3
11575,28,2
19932,239,4
7744,240,1
33990,23,4
22659,4,1
29800,259,1
48301,207,5
43810,121,1
15598,147,4
14444,137,5
44240,77,1
20565,115,5
42039,248,2
5434,107,3
4115,132,2
6854,200,5
29937,41,1
38304,76,1
27294,55,4
46991,292,4
39635,56,1
35827,97,1
32341,125,3
29897,85,3
1385,261,4
34652,252,4
31110,251,4
29869,49,5
25525,280,2
19886,180,2
27018,105,1
9276,61,5
1638,287,3
33746,288,1
31897,139,3
49362,71,2
5543,12,4
39653,255,2
19892,257,5
37161,267,4
24831,268,4
39584,103,4
45,209,3
29268,235,3
30602,71,1
44397,291,2
26816,156,3
10795,109,1
28763,9,4
32556,268,4
6875,189,1
44417,48,4
14226,235,5
21069,220,3
22213,29,2
14010,179,1
23391,108,2
32177,149,5
16037,27,3
48474,108,4
4745,35,1
41317,76,4
18107,31,5
7983,112,3
1179,108,3
5957,87,3
40995,129,1
49606,55,1
33306,229,3
34156,260,2
49378,123,1
21142,240,5
3978,32,2
49267,100,1
7972,264,3
38316,216,4
10975,261,2
5472,207,1
20471,139,2
17075,56,1
46448,240,2
47023,213,3
42841,193,4
29842,20,5
11993,120,5
42733,236,1
19319,196,1
45842,220,2
32822,161,3
2676,32,4
48611,297,3
6358,104,4
11084,244,1
10953,229,5
3907,51,2
26265,53,4
23662,23,2
44764,255,2
5048,59,1
8266,115,5
39705,156,3
10840,55,2
897,109,2
47590,159,4
45662,207,4
3062,212,1
19880,259,1
46960,97,1
44929,141,3
34099,225,5
13445,252,3
16021,8,5
43238,93,1
20945,65,3
39733,95,4
629,235,5
20229,8,5
25042,208,4
17665,139,1
29324,169,5
24354,283,3
30226,176,5
21019,51,5
28535,91,2
40217,133,1
49124,31,3
624,52,1
17730,237,2
28796,268,5
35888,237,1
12244,265,1
46568,236,4
772,16,3
16551,160,4
5652,97,3
47268,225,5
21424,88,1
37445,208,3
47614,157,2
2960,276,5
6815,80,1
5039,73,1
15528,263,3
11321,216,2
29320,101,1
27831,176,5
49064,172,2
42834,265,4
440,117,4
35750,264,1
27396,233,2
5400,79,4
21952,116,1
22323,288,5
33835,169,1
11453,68,2
37373,231,1
40751,63,2
29771,292,3
4399,136,1
38921,193,5
29370,57,4
13086,181,4
25787,177,4
20305,241,4
511,180,3
49489,73,1
893,151,4
20727,40,4
20191,285,2
33311,11,2
1432,99,5
741,251,5
39172,112,5
18893,148,3
35350,88,1
45467,189,3
14806,168,1
36999,171,3
28792,7,3
20786,293,2
17448,120,1
12475,68,2
30064,189,3
27007,76,5
20501,213,3
45002,11,5
5419,52,4
47812,88,1
31670,95,2
5055,151,5
24532,75,3
12805,67,1
42103,123,1
24978,293,3
25665,281,2
9094,291,2
15052,75,5
31333,295,1
32935,80,2
41557,260,5
11913,212,2
33887,115,3
42865,212,4
9216,96,1
49975,79,3
3788,133,3
16043,77,1
36147,243,3
44542,59,4
23411,260,4
41364,273,1
31433,49,1
19267,101,2
30934,197,2
2947,107,2
22298,33,3
45867,231,3
9008,248,1
24451,99,5
47301,140,3
34371,215,1
28149,120,5
17688,203,5
16713,41,2
26554,255,5
35138,288,2
41949,216,4
40050,65,1
9453,156,3
47519,147,2
25950,229,2
20506,73,2
13042,243,1
29806,201,3
29313,24,3
22464,261,5
37633,187,1
737,221,2
22807,251,1
24990,123,5
20487,3,1
10371,51,4
47069,252,2
21367,276,3
8473,281,1
40472,221,3
4174,129,3
32674,263,1
8645,264,1
8509,88,1
42971,161,4
9065,221,3
30507,13,1
35344,128,2
41888,40,1
18101,275,1
10294,209,1
39237,277,2
22984,251,5
5083,109,1
33356,245,5
1522,291,5
43036,241,2
11471,75,4
30200,147,1
13273,256,1
36222,137,2
41898,43,2
26653,169,4
10295,68,4
13393,120,1
